PlayerName,CourseName,LayoutName,Date,Total,+/-,Hole1,Hole2,Hole3,Hole4,Hole5,Hole6,Hole7,Hole8,Hole9,Hole10,Hole11,Hole12,Hole13,Hole14,Hole15,Hole16,Hole17,Hole18,Hole19,Hole20,Hole21,Hole22,Hole23
Par,Bear Branch Sportsfield Park,Main,2022-08-11 17:57,54,,3,3,3,3,3,3,3,3,3,3,3,3,3,3,3,3,3,3,,,,,
Cody,Bear Branch Sportsfield Park,Main,2022-08-11 17:57,63,9,3,4,3,2,4,3,4,3,4,2,4,5,6,2,4,2,5,3,,,,,
Henning,Bear Branch Sportsfield Park,Main,2022-08-11 17:57,51,-3,2,3,4,3,3,3,2,2,2,4,3,4,3,3,2,2,3,3,,,,,
Alex,Bear Branch Sportsfield Park,Main,2022-08-11 17:57,61,7,3,4,4,3,4,4,3,3,4,2,4,4,3,3,3,3,3,4,,,,,
Killamon Daru,Bear Branch Sportsfield Park,Main,2022-08-11 17:57,57,3,2,3,4,3,4,3,3,3,3,3,4,3,5,4,2,3,1,4,,,,,
Joel,Bear Branch Sportsfield Park,Main,2022-08-11 17:57,72,18,4,4,4,5,4,4,3,3,3,5,3,5,5,4,4,4,4,4,,,,,
Par,T.C. Jester Park,Full 21 - White Tees,2022-08-09 18:04,63,,3,3,3,3,3,3,3,3,3,3,3,3,3,3,3,3,3,3,3,3,3,,
Cody,T.C. Jester Park,Full 21 - White Tees,2022-08-09 18:04,66,3,3,4,2,3,2,3,5,3,2,3,3,4,3,4,4,2,3,3,4,3,3,,
Henning,T.C. Jester Park,Full 21 - White Tees,2022-08-09 18:04,65,2,3,3,3,3,4,3,3,3,3,3,3,3,5,3,4,2,3,2,3,3,3,,
Alex,T.C. Jester Park,Full 21 - White Tees,2022-08-09 18:04,68,5,3,4,4,3,3,3,4,3,2,3,3,4,4,3,2,3,4,4,3,3,3,,
Par,T.C. Jester Park,Full 21 - White Tees,2022-07-30 07:17,63,,3,3,3,3,3,3,3,3,3,3,3,3,3,3,3,3,3,3,3,3,3,,
Cody,T.C. Jester Park,Full 21 - White Tees,2022-07-30 07:17,65,2,3,3,3,3,2,3,3,3,3,3,3,3,4,3,4,3,3,3,3,3,4,,
Henning,T.C. Jester Park,Full 21 - White Tees,2022-07-30 07:17,65,2,3,4,3,3,2,3,4,3,3,2,4,4,4,3,3,3,3,3,3,2,3,,
Alex,T.C. Jester Park,Full 21 - White Tees,2022-07-30 07:17,68,5,4,3,3,3,5,3,4,4,2,3,3,3,3,3,3,3,3,4,3,3,3,,
Par,Bear Branch Sportsfield Park,Main,2022-07-26 16:57,54,,3,3,3,3,3,3,3,3,3,3,3,3,3,3,3,3,3,3,,,,,
Cody,Bear Branch Sportsfield Park,Main,2022-07-26 16:57,54,0,2,3,3,2,4,3,3,2,2,3,3,3,4,3,4,3,3,4,,,,,
Henning,Bear Branch Sportsfield Park,Main,2022-07-26 16:57,56,2,3,5,3,2,4,4,3,2,3,3,3,2,4,3,4,2,3,3,,,,,
DDrewjr,Bear Branch Sportsfield Park,Main,2022-07-26 16:57,62,8,3,2,3,4,5,3,3,3,4,3,4,3,4,3,4,4,4,3,,,,,
Alicia,Bear Branch Sportsfield Park,Main,2022-07-26 16:57,80,26,5,5,4,4,6,4,4,3,5,4,6,4,5,4,4,5,4,4,,,,,
Par,Bear Branch Sportsfield Park,Main,2022-07-22 17:05,54,,3,3,3,3,3,3,3,3,3,3,3,3,3,3,3,3,3,3,,,,,
Cody,Bear Branch Sportsfield Park,Main,2022-07-22 17:05,62,8,3,3,3,3,4,3,3,2,3,2,5,4,7,4,3,3,4,3,,,,,
Henning,Bear Branch Sportsfield Park,Main,2022-07-22 17:05,53,-1,3,4,2,3,2,3,3,3,2,3,4,3,3,3,4,2,3,3,,,,,
BurtRuckus,Bear Branch Sportsfield Park,Main,2022-07-22 17:05,65,11,5,4,3,3,3,5,3,3,3,3,5,4,4,3,3,3,4,4,,,,,
Par,Bear Branch Sportsfield Park,Main,2022-07-21 17:24,54,,3,3,3,3,3,3,3,3,3,3,3,3,3,3,3,3,3,3,,,,,
Cody,Bear Branch Sportsfield Park,Main,2022-07-21 17:24,60,6,5,3,4,3,4,3,3,3,3,3,3,3,5,3,3,3,3,3,,,,,
Henning,Bear Branch Sportsfield Park,Main,2022-07-21 17:24,56,2,3,3,3,3,3,3,4,3,3,3,3,4,3,3,4,3,3,2,,,,,
Par,Zube Park DGC,Blue Tees (Main),2022-07-16 08:58,55,,3,3,3,3,3,3,3,3,3,3,4,3,3,3,3,3,3,3,,,,,
Cody,Zube Park DGC,Blue Tees (Main),2022-07-16 08:58,53,-2,3,3,4,3,3,2,3,3,3,2,4,3,3,3,3,3,3,2,,,,,
Henning,Zube Park DGC,Blue Tees (Main),2022-07-16 08:58,50,-5,2,3,4,2,3,3,2,3,2,3,4,3,2,3,3,2,3,3,,,,,
Alex,Zube Park DGC,Blue Tees (Main),2022-07-16 08:58,64,9,3,4,5,3,4,2,3,2,3,5,7,3,3,4,3,2,3,5,,,,,
Par,T.C. Jester Park,Full 21 - White Tees,2022-07-09 08:20,63,,3,3,3,3,3,3,3,3,3,3,3,3,3,3,3,3,3,3,3,3,3,,
Henning,T.C. Jester Park,Full 21 - White Tees,2022-07-09 08:20,62,-1,3,3,3,2,3,3,3,3,2,3,3,2,4,3,3,3,4,3,3,3,3,,
Alex,T.C. Jester Park,Full 21 - White Tees,2022-07-09 08:20,66,3,3,3,3,2,4,3,4,3,3,2,3,3,5,4,2,4,3,4,3,2,3,,
Par,Bear Branch Sportsfield Park,Main,2022-07-08 17:13,54,,3,3,3,3,3,3,3,3,3,3,3,3,3,3,3,3,3,3,,,,,
Henning,Bear Branch Sportsfield Park,Main,2022-07-08 17:13,53,-1,2,3,3,4,3,3,2,2,3,4,5,3,4,3,2,2,3,2,,,,,
Alex,Bear Branch Sportsfield Park,Main,2022-07-08 17:13,65,11,3,3,3,3,5,4,2,3,3,3,6,4,4,4,3,4,4,4,,,,,
Killamon Daru,Bear Branch Sportsfield Park,Main,2022-07-08 17:13,57,3,3,4,2,2,3,4,4,3,4,4,3,4,3,3,2,3,3,3,,,,,
BurtRuckus,Bear Branch Sportsfield Park,Main,2022-07-08 17:13,63,9,4,4,4,3,4,4,3,3,3,3,4,3,4,3,3,3,4,4,,,,,
Aaron Christian,Bear Branch Sportsfield Park,Main,2022-07-08 17:13,56,2,4,3,2,3,3,3,3,3,3,2,4,5,3,3,3,3,3,3,,,,,
Par,Bear Branch Sportsfield Park,Main,2022-06-03 15:58,54,,3,3,3,3,3,3,3,3,3,3,3,3,3,3,3,3,3,3,,,,,
Cody,Bear Branch Sportsfield Park,Main,2022-06-03 15:58,57,3,2,4,3,3,3,4,4,4,4,2,5,3,3,3,3,3,2,2,,,,,
Henning,Bear Branch Sportsfield Park,Main,2022-06-03 15:58,62,8,2,2,5,3,3,4,3,3,4,3,5,3,3,4,4,5,2,4,,,,,
Jason D.,Bear Branch Sportsfield Park,Main,2022-06-03 15:58,61,7,5,3,3,4,4,3,2,3,2,4,4,3,4,4,4,3,3,3,,,,,
BurtRuckus,Bear Branch Sportsfield Park,Main,2022-06-03 15:58,67,13,2,3,3,3,5,4,3,4,3,4,5,4,5,4,5,4,3,3,,,,,
Par,Bear Branch Sportsfield Park,Main,2022-05-26 17:00,54,,3,3,3,3,3,3,3,3,3,3,3,3,3,3,3,3,3,3,,,,,
Cody,Bear Branch Sportsfield Park,Main,2022-05-26 17:00,53,-1,3,3,3,2,2,5,3,3,3,2,3,3,3,3,3,3,3,3,,,,,
Mears,Bear Branch Sportsfield Park,Main,2022-05-26 17:00,34,1,3,2,3,3,3,4,3,4,3,3,3,0,0,0,0,0,0,0,,,,,
Henning,Bear Branch Sportsfield Park,Main,2022-05-26 17:00,60,6,3,3,3,2,5,4,2,2,2,2,4,5,4,4,4,3,5,3,,,,,
DDrewjr,Bear Branch Sportsfield Park,Main,2022-05-26 17:00,67,13,4,4,4,3,5,4,4,2,4,4,4,4,5,4,3,3,3,3,,,,,
Par,Bear Branch Sportsfield Park,Main,2022-05-19 17:03,54,,3,3,3,3,3,3,3,3,3,3,3,3,3,3,3,3,3,3,,,,,
Cody,Bear Branch Sportsfield Park,Main,2022-05-19 17:03,54,0,2,3,3,4,3,4,2,3,2,2,3,5,3,3,3,4,3,2,,,,,
Mears,Bear Branch Sportsfield Park,Main,2022-05-19 17:03,50,-4,3,2,3,3,2,4,3,3,3,2,3,3,3,2,3,3,3,2,,,,,
Henning,Bear Branch Sportsfield Park,Main,2022-05-19 17:03,60,6,4,4,2,2,5,3,2,3,3,3,4,5,5,2,3,5,2,3,,,,,
Jason D.,Bear Branch Sportsfield Park,Main,2022-05-19 17:03,56,2,2,2,3,3,3,5,2,3,3,3,4,3,5,3,3,3,3,3,,,,,
Par,Bear Branch Sportsfield Park,Main,2022-05-17 17:02,54,,3,3,3,3,3,3,3,3,3,3,3,3,3,3,3,3,3,3,,,,,
Cody,Bear Branch Sportsfield Park,Main,2022-05-17 17:02,56,2,2,4,4,3,4,3,3,3,2,2,3,4,5,3,3,3,3,2,,,,,
Mears,Bear Branch Sportsfield Park,Main,2022-05-17 17:02,58,4,4,2,3,3,3,3,3,3,2,3,4,2,4,4,4,4,4,3,,,,,
Henning,Bear Branch Sportsfield Park,Main,2022-05-17 17:02,53,-1,3,3,2,3,2,4,3,2,3,3,4,3,4,2,4,3,3,2,,,,,
Killamon Daru,Bear Branch Sportsfield Park,Main,2022-05-17 17:02,60,6,4,3,3,3,2,4,4,2,4,3,4,5,3,2,3,4,4,3,,,,,
Discer,Bear Branch Sportsfield Park,Main,2022-05-17 17:02,45,3,3,3,4,3,4,4,3,3,3,2,3,3,4,3,0,0,0,0,,,,,
Par,T.C. Jester Park,Full 21 - White Tees,2022-05-13 16:20,63,,3,3,3,3,3,3,3,3,3,3,3,3,3,3,3,3,3,3,3,3,3,,
Joel,T.C. Jester Park,Full 21 - White Tees,2022-05-13 16:20,80,17,4,3,4,3,4,4,4,4,3,3,3,4,6,5,3,4,3,4,4,4,4,,
Henning,T.C. Jester Park,Full 21 - White Tees,2022-05-13 16:20,62,-1,2,3,2,4,3,2,3,3,2,3,4,3,4,4,3,3,2,3,3,3,3,,
Alex,T.C. Jester Park,Full 21 - White Tees,2022-05-13 16:20,66,3,3,4,5,3,4,2,4,3,2,3,3,3,4,4,2,4,3,3,2,2,3,,
Killamon Daru,T.C. Jester Park,Full 21 - White Tees,2022-05-13 16:20,65,2,3,3,3,3,3,3,3,3,2,3,4,3,3,4,3,4,4,3,3,2,3,,
Par,Bear Branch Sportsfield Park,Main,2022-05-12 17:26,54,,3,3,3,3,3,3,3,3,3,3,3,3,3,3,3,3,3,3,,,,,
Mears + Alex,Bear Branch Sportsfield Park,Main,2022-05-12 17:26,47,-7,1,3,4,3,2,3,3,2,2,2,3,2,3,3,3,3,2,3,,,,,
Henning + Cody,Bear Branch Sportsfield Park,Main,2022-05-12 17:26,49,-5,3,3,2,3,4,4,2,3,3,2,3,3,3,2,2,2,3,2,,,,,
BurtRuckus + Ryan,Bear Branch Sportsfield Park,Main,2022-05-12 17:26,52,-2,3,2,3,2,3,4,3,2,3,2,3,3,3,4,3,3,3,3,,,,,
Mike Bevel,Bear Branch Sportsfield Park,Main,2022-05-12 17:26,57,3,3,2,3,3,5,4,3,3,2,3,4,4,4,2,3,3,3,3,,,,,
Par,Bear Branch Sportsfield Park,Main,2022-05-08 11:42,54,,3,3,3,3,3,3,3,3,3,3,3,3,3,3,3,3,3,3,,,,,
Henning,Bear Branch Sportsfield Park,Main,2022-05-08 11:42,59,5,3,2,3,3,3,4,3,3,3,3,4,5,4,3,3,4,3,3,,,,,
Par,Stonebridge Church,Main,2022-04-21 17:04,55,,3,3,3,3,3,4,3,3,3,3,3,3,3,3,3,3,3,3,,,,,
Mears + Cody,Stonebridge Church,Main,2022-04-21 17:04,50,-5,2,3,3,4,3,3,2,2,2,3,3,2,3,3,3,3,3,3,,,,,
Jason D. + Ryan,Stonebridge Church,Main,2022-04-21 17:04,43,-12,2,2,2,2,3,3,2,3,4,2,3,2,2,2,2,3,2,2,,,,,
Henning,Stonebridge Church,Main,2022-04-21 17:04,51,-4,3,2,3,3,2,3,3,3,2,3,4,3,2,2,3,3,4,3,,,,,
Alex + Jeff,Stonebridge Church,Main,2022-04-21 17:04,54,-1,3,3,3,2,3,4,3,3,2,3,3,3,3,3,3,3,3,4,,,,,
Par,Bear Branch Sportsfield Park,Main,2022-04-19 16:43,54,,3,3,3,3,3,3,3,3,3,3,3,3,3,3,3,3,3,3,,,,,
Cody,Bear Branch Sportsfield Park,Main,2022-04-19 16:43,61,7,3,3,3,5,3,5,1,4,3,2,4,4,3,4,4,3,4,3,,,,,
Henning,Bear Branch Sportsfield Park,Main,2022-04-19 16:43,64,10,3,3,5,4,3,3,3,4,4,3,4,4,5,3,4,3,3,3,,,,,
Par,Bear Branch Sportsfield Park,Main,2022-03-30 16:49,54,,3,3,3,3,3,3,3,3,3,3,3,3,3,3,3,3,3,3,,,,,
Cody,Bear Branch Sportsfield Park,Main,2022-03-30 16:49,58,4,4,2,2,3,4,4,3,2,2,2,5,3,4,4,3,3,4,4,,,,,
Henning,Bear Branch Sportsfield Park,Main,2022-03-30 16:49,60,6,2,3,5,3,3,3,3,2,2,5,4,4,3,3,4,3,5,3,,,,,
Alex,Bear Branch Sportsfield Park,Main,2022-03-30 16:49,67,13,4,3,4,3,5,4,3,3,4,4,4,5,3,3,3,5,5,2,,,,,
Par,Bear Branch Sportsfield Park,Main,2022-03-27 14:25,54,,3,3,3,3,3,3,3,3,3,3,3,3,3,3,3,3,3,3,,,,,
Henning,Bear Branch Sportsfield Park,Main,2022-03-27 14:25,60,6,2,3,3,3,3,4,3,4,3,2,4,4,4,2,5,4,3,4,,,,,
Jason D.,Bear Branch Sportsfield Park,Main,2022-03-27 14:25,59,5,5,3,3,2,4,4,3,2,2,4,4,4,3,3,2,5,3,3,,,,,
Par,Bear Branch Sportsfield Park,Main,2022-03-18 16:40,54,,3,3,3,3,3,3,3,3,3,3,3,3,3,3,3,3,3,3,,,,,
Cody,Bear Branch Sportsfield Park,Main,2022-03-18 16:40,57,3,3,4,3,3,3,3,3,2,2,2,4,4,3,4,3,4,3,4,,,,,
Mears,Bear Branch Sportsfield Park,Main,2022-03-18 16:40,56,2,3,4,3,3,3,3,3,2,2,3,3,3,4,3,3,4,4,3,,,,,
Henning,Bear Branch Sportsfield Park,Main,2022-03-18 16:40,62,8,3,2,3,3,5,5,3,2,2,2,4,3,3,4,4,5,5,4,,,,,
Jason D.,Bear Branch Sportsfield Park,Main,2022-03-18 16:40,56,2,3,2,3,2,3,4,3,3,3,3,4,3,4,4,2,4,3,3,,,,,
Par,Stonebridge Church,Main,2022-03-03 16:33,55,,3,3,3,3,3,4,3,3,3,3,3,3,3,3,3,3,3,3,,,,,
Cody,Stonebridge Church,Main,2022-03-03 16:33,56,1,3,3,3,3,3,4,3,3,2,3,3,3,4,3,3,4,3,3,,,,,
Henning,Stonebridge Church,Main,2022-03-03 16:33,54,-1,2,2,3,3,3,4,2,2,4,4,3,3,3,3,3,4,3,3,,,,,
Mears,Stonebridge Church,Main,2022-03-03 16:33,57,2,2,3,4,3,3,4,2,3,2,3,5,3,3,3,4,4,3,3,,,,,
Alex,Stonebridge Church,Main,2022-03-03 16:33,61,6,3,5,4,3,3,4,3,4,2,3,4,3,3,3,3,4,3,4,,,,,
Jason D.,Stonebridge Church,Main,2022-03-03 16:33,59,4,2,2,4,3,3,4,4,3,3,4,3,3,3,2,4,4,4,4,,,,,
Par,Bear Branch Sportsfield Park,Main,2022-02-25 16:25,54,,3,3,3,3,3,3,3,3,3,3,3,3,3,3,3,3,3,3,,,,,
Cody,Bear Branch Sportsfield Park,Main,2022-02-25 16:25,58,4,2,3,4,4,3,4,3,2,3,3,4,3,3,3,3,2,5,4,,,,,
Henning,Bear Branch Sportsfield Park,Main,2022-02-25 16:25,62,8,3,3,4,3,4,3,4,4,2,3,3,5,4,4,4,2,4,3,,,,,
Mears,Bear Branch Sportsfield Park,Main,2022-02-25 16:25,56,2,4,4,3,2,3,4,2,2,3,2,3,4,4,2,3,4,4,3,,,,,
Alex,Bear Branch Sportsfield Park,Main,2022-02-25 16:25,63,9,4,4,4,3,3,5,3,2,3,3,4,3,4,4,3,5,3,3,,,,,
Jason D.,Bear Branch Sportsfield Park,Main,2022-02-25 16:25,55,1,3,2,4,3,4,3,3,3,3,2,3,3,4,2,3,3,4,3,,,,,
Par,Bear Branch Sportsfield Park,Main,2022-02-17 16:54,54,,3,3,3,3,3,3,3,3,3,3,3,3,3,3,3,3,3,3,,,,,
Cody,Bear Branch Sportsfield Park,Main,2022-02-17 16:54,64,10,3,3,4,3,5,4,4,4,2,5,3,3,3,3,4,4,4,3,,,,,
Henning,Bear Branch Sportsfield Park,Main,2022-02-17 16:54,54,0,3,3,3,3,3,4,3,2,2,3,3,4,3,3,3,3,3,3,,,,,
Mears,Bear Branch Sportsfield Park,Main,2022-02-17 16:54,61,7,4,3,3,3,4,4,3,3,2,3,4,5,3,3,3,3,4,4,,,,,
Alex,Bear Branch Sportsfield Park,Main,2022-02-17 16:54,63,9,3,2,3,3,5,5,3,3,3,2,5,4,5,4,4,3,3,3,,,,,
Jason D.,Bear Branch Sportsfield Park,Main,2022-02-17 16:54,60,6,3,4,3,3,3,3,3,3,3,3,3,4,5,3,4,3,4,3,,,,,
Par,T.C. Jester Park,Full 21 - White Tees,2022-02-13 09:10,63,,3,3,3,3,3,3,3,3,3,3,3,3,3,3,3,3,3,3,3,3,3,,
Henning,T.C. Jester Park,Full 21 - White Tees,2022-02-13 09:10,66,3,3,4,3,2,3,2,2,4,2,3,5,4,3,3,3,2,4,4,3,3,4,,
Alex,T.C. Jester Park,Full 21 - White Tees,2022-02-13 09:10,71,8,3,4,3,3,3,4,4,4,2,3,3,4,4,3,3,3,4,4,4,3,3,,
Jason D.,T.C. Jester Park,Full 21 - White Tees,2022-02-13 09:10,64,1,3,4,4,3,3,3,3,3,3,4,3,3,4,2,3,3,3,3,2,2,3,,
Par,Bear Branch Sportsfield Park,Main,2022-02-03 16:23,54,,3,3,3,3,3,3,3,3,3,3,3,3,3,3,3,3,3,3,,,,,
Henning,Bear Branch Sportsfield Park,Main,2022-02-03 16:23,62,8,2,3,4,4,4,3,3,4,3,4,6,4,3,2,3,4,3,3,,,,,
Jason D.,Bear Branch Sportsfield Park,Main,2022-02-03 16:23,58,4,3,4,3,3,3,4,2,3,3,2,3,4,5,3,3,4,3,3,,,,,
Alex,Bear Branch Sportsfield Park,Main,2022-02-03 16:23,63,9,5,3,4,3,4,4,3,3,4,3,3,5,4,2,3,4,3,3,,,,,
Par,Searight Park,Main,2022-01-29 08:49,56,,3,3,4,3,3,3,3,3,3,3,3,4,3,3,3,3,3,3,,,,,
Henning,Searight Park,Main,2022-01-29 08:49,51,1,0,0,5,3,2,3,2,2,4,4,2,4,2,4,4,4,3,3,,,,,
Alex,Searight Park,Main,2022-01-29 08:49,63,13,0,0,5,3,4,4,3,4,3,3,4,6,4,4,4,4,4,4,,,,,
Mears,Searight Park,Main,2022-01-29 08:49,52,2,0,0,5,3,2,2,4,3,3,3,3,6,3,4,3,3,2,3,,,,,
Par,Bear Branch Sportsfield Park,Main,2022-01-26 16:30,54,,3,3,3,3,3,3,3,3,3,3,3,3,3,3,3,3,3,3,,,,,
Mears,Bear Branch Sportsfield Park,Main,2022-01-26 16:30,56,2,3,4,3,2,5,3,3,3,2,2,3,3,4,3,2,3,5,3,,,,,
Henning,Bear Branch Sportsfield Park,Main,2022-01-26 16:30,56,2,2,2,4,3,4,3,2,3,3,2,4,4,4,3,3,2,5,3,,,,,
Jason D.,Bear Branch Sportsfield Park,Main,2022-01-26 16:30,55,1,4,4,2,3,4,4,3,2,2,2,4,2,4,3,3,3,3,3,,,,,
Par,Bear Branch Sportsfield Park,Main,2022-01-21 15:36,54,,3,3,3,3,3,3,3,3,3,3,3,3,3,3,3,3,3,3,,,,,
Cody,Bear Branch Sportsfield Park,Main,2022-01-21 15:36,55,1,2,3,3,2,4,3,3,2,4,2,3,4,3,3,4,4,3,3,,,,,
Henning,Bear Branch Sportsfield Park,Main,2022-01-21 15:36,53,-1,3,3,3,3,3,3,2,2,3,3,3,4,3,3,4,2,3,3,,,,,
Mears,Bear Branch Sportsfield Park,Main,2022-01-21 15:36,60,6,3,5,3,3,4,3,2,3,4,3,4,3,5,2,3,3,4,3,,,,,
Alex,Bear Branch Sportsfield Park,Main,2022-01-21 15:36,73,19,4,3,4,4,4,4,4,4,3,4,4,4,5,4,4,3,5,6,,,,,
BurtRuckus,Bear Branch Sportsfield Park,Main,2022-01-21 15:36,74,20,3,4,4,3,4,6,4,3,3,4,4,6,5,5,4,4,4,4,,,,,
Par,T.C. Jester Park,Full 21 - White Tees,2022-01-17 14:32,63,,3,3,3,3,3,3,3,3,3,3,3,3,3,3,3,3,3,3,3,3,3,,
Henning,T.C. Jester Park,Full 21 - White Tees,2022-01-17 14:32,64,1,3,3,3,3,3,3,3,2,2,4,4,2,4,4,3,3,3,4,3,3,2,,
Alex,T.C. Jester Park,Full 21 - White Tees,2022-01-17 14:32,70,7,3,3,3,3,2,4,3,4,2,3,4,5,5,3,4,3,3,3,2,4,4,,
Mears,T.C. Jester Park,Full 21 - White Tees,2022-01-17 14:32,61,-2,3,3,3,3,3,3,3,3,2,3,3,3,3,3,3,3,2,3,3,3,3,,
Par,Terramont Park,18 - (2) 9-Hole Rounds,2022-01-09 15:08,54,,3,3,3,3,3,3,3,3,3,3,3,3,3,3,3,3,3,3,,,,,
Mears,Terramont Park,18 - (2) 9-Hole Rounds,2022-01-09 15:08,55,1,2,4,4,4,3,3,2,3,2,3,4,4,3,3,2,3,3,3,,,,,
Henning,Terramont Park,18 - (2) 9-Hole Rounds,2022-01-09 15:08,59,5,3,4,5,4,3,3,3,3,2,4,5,4,3,3,2,3,2,3,,,,,
Alex,Terramont Park,18 - (2) 9-Hole Rounds,2022-01-09 15:08,69,15,3,4,3,4,4,4,3,3,4,4,6,4,4,4,4,4,3,4,,,,,
Par,Bear Branch Sportsfield Park,Main,2022-01-05 16:43,54,,3,3,3,3,3,3,3,3,3,3,3,3,3,3,3,3,3,3,,,,,
Cody,Bear Branch Sportsfield Park,Main,2022-01-05 16:43,59,5,3,2,3,3,3,4,4,4,2,4,4,4,4,2,3,4,3,3,,,,,
Henning,Bear Branch Sportsfield Park,Main,2022-01-05 16:43,65,11,2,3,3,4,5,5,3,3,3,3,4,4,6,3,3,4,4,3,,,,,
Mears,Bear Branch Sportsfield Park,Main,2022-01-05 16:43,53,-1,2,2,3,2,4,3,3,2,3,3,3,4,3,3,3,3,5,2,,,,,
Jason D.,Bear Branch Sportsfield Park,Main,2022-01-05 16:43,55,1,3,3,3,3,4,3,3,3,3,3,3,4,3,2,3,3,3,3,,,,,
Par,T.C. Jester Park,Full 21 - White Tees,2022-01-03 10:07,63,,3,3,3,3,3,3,3,3,3,3,3,3,3,3,3,3,3,3,3,3,3,,
Mears,T.C. Jester Park,Full 21 - White Tees,2022-01-03 10:07,63,0,3,3,3,3,3,3,4,4,2,3,3,3,3,3,2,4,3,3,3,2,3,,
Alex,T.C. Jester Park,Full 21 - White Tees,2022-01-03 10:07,76,13,4,4,3,3,2,3,3,4,4,3,3,3,6,5,4,3,4,4,4,3,4,,
Henning,T.C. Jester Park,Full 21 - White Tees,2022-01-03 10:07,61,-2,3,3,2,3,2,3,3,3,2,3,2,3,3,3,3,2,4,5,3,3,3,,
Par,Magnolia’s First DGC,Main,2021-12-30 13:27,54,,3,3,3,3,3,3,3,3,3,3,3,3,3,3,3,3,3,3,,,,,
Mears,Magnolia’s First DGC,Main,2021-12-30 13:27,54,0,4,2,3,4,3,2,3,3,3,2,2,3,4,3,3,3,4,3,,,,,
Alex,Magnolia’s First DGC,Main,2021-12-30 13:27,59,5,3,2,4,3,4,4,3,3,3,2,3,3,3,3,4,2,5,5,,,,,
Henning,Magnolia’s First DGC,Main,2021-12-30 13:27,56,2,3,2,2,2,3,3,3,3,3,3,2,3,5,4,3,3,4,5,,,,,
Jason D.,Magnolia’s First DGC,Main,2021-12-30 13:27,63,9,3,3,3,3,4,2,4,3,3,3,4,3,4,6,3,4,4,4,,,,,
Par,Spring Valley Golf & Disc Golf,The Finesse + P8B (green),2021-12-29 14:48,60,,3,3,3,3,3,3,3,3,3,3,3,3,3,3,3,3,3,3,3,3,,,
Henning,Spring Valley Golf & Disc Golf,The Finesse + P8B (green),2021-12-29 14:48,52,4,3,5,3,2,3,3,2,3,4,2,3,4,4,2,3,6,0,0,0,0,,,
Alex,Spring Valley Golf & Disc Golf,The Finesse + P8B (green),2021-12-29 14:48,60,12,3,4,5,3,4,4,2,4,4,3,3,5,4,5,4,3,0,0,0,0,,,
Mears,Spring Valley Golf & Disc Golf,The Finesse + P8B (green),2021-12-29 14:48,48,0,3,2,3,3,3,3,3,3,4,3,3,3,3,3,3,3,0,0,0,0,,,
Par,Bear Branch Sportsfield Park,Main,2021-12-26 09:14,54,,3,3,3,3,3,3,3,3,3,3,3,3,3,3,3,3,3,3,,,,,
Cody,Bear Branch Sportsfield Park,Main,2021-12-26 09:14,63,9,5,2,3,4,4,4,4,5,3,3,3,3,4,4,3,3,3,3,,,,,
Jay,Bear Branch Sportsfield Park,Main,2021-12-26 09:14,77,23,6,4,4,6,4,5,3,3,5,4,5,4,4,4,4,4,5,3,,,,,
Sol,Bear Branch Sportsfield Park,Main,2021-12-26 09:14,88,34,5,5,5,5,5,5,4,6,5,4,5,4,6,5,5,5,5,4,,,,,
Henning,Bear Branch Sportsfield Park,Main,2021-12-26 09:14,61,7,3,3,4,4,4,4,3,5,2,3,3,3,5,4,2,3,3,3,,,,,
Jason D.,Bear Branch Sportsfield Park,Main,2021-12-26 09:14,61,7,4,3,3,2,2,4,4,2,3,2,5,4,5,3,4,3,4,4,,,,,
BurtRuckus,Bear Branch Sportsfield Park,Main,2021-12-26 09:14,70,16,4,3,4,4,5,5,4,3,2,3,4,4,5,4,3,5,4,4,,,,,
Par,Bear Branch Sportsfield Park,Main,2021-12-25 16:13,54,,3,3,3,3,3,3,3,3,3,3,3,3,3,3,3,3,3,3,,,,,
Henning,Bear Branch Sportsfield Park,Main,2021-12-25 16:13,53,-1,2,2,3,3,3,3,3,3,3,2,4,4,4,2,3,3,3,3,,,,,
Alex,Bear Branch Sportsfield Park,Main,2021-12-25 16:13,67,13,3,3,3,4,4,4,4,4,4,3,3,6,5,3,3,4,3,4,,,,,
Par,Zube Park DGC,Blue Tees (Main),2021-12-24 09:11,55,,3,3,3,3,3,3,3,3,3,3,4,3,3,3,3,3,3,3,,,,,
Cody,Zube Park DGC,Blue Tees (Main),2021-12-24 09:11,54,-1,3,3,4,3,3,3,2,3,2,3,4,3,3,4,2,3,3,3,,,,,
Henning,Zube Park DGC,Blue Tees (Main),2021-12-24 09:11,59,4,2,4,5,2,2,2,3,3,3,5,4,4,4,3,3,3,3,4,,,,,
Alex,Zube Park DGC,Blue Tees (Main),2021-12-24 09:11,66,11,4,3,4,3,4,3,3,3,3,5,5,4,3,5,5,2,3,4,,,,,
BurtRuckus,Zube Park DGC,Blue Tees (Main),2021-12-24 09:11,69,14,3,4,5,3,4,3,3,5,3,6,6,4,3,4,3,3,3,4,,,,,
Par,Stonebridge Church,Main,2021-12-23 15:33,55,,3,3,3,3,3,4,3,3,3,3,3,3,3,3,3,3,3,3,,,,,
Cody,Stonebridge Church,Main,2021-12-23 15:33,58,3,2,2,3,4,4,4,3,3,3,5,3,3,3,3,3,5,2,3,,,,,
Henning,Stonebridge Church,Main,2021-12-23 15:33,55,0,3,3,2,3,3,4,3,3,2,3,4,3,2,3,4,3,4,3,,,,,
Alex,Stonebridge Church,Main,2021-12-23 15:33,59,4,2,3,3,3,5,4,2,5,3,3,3,3,3,3,3,3,4,4,,,,,
BurtRuckus,Stonebridge Church,Main,2021-12-23 15:33,70,15,3,4,5,3,4,5,5,4,4,5,3,3,3,3,4,4,4,4,,,,,
Par,Bear Branch Sportsfield Park,Main,2021-12-10 16:15,54,,3,3,3,3,3,3,3,3,3,3,3,3,3,3,3,3,3,3,,,,,
Cody,Bear Branch Sportsfield Park,Main,2021-12-10 16:15,58,4,3,4,3,3,4,3,3,3,4,3,3,4,3,2,3,3,4,3,,,,,
Henning,Bear Branch Sportsfield Park,Main,2021-12-10 16:15,55,1,2,3,3,4,3,3,2,3,4,3,3,3,5,2,3,3,3,3,,,,,
Jason D.,Bear Branch Sportsfield Park,Main,2021-12-10 16:15,51,-3,3,3,3,2,3,3,3,3,2,3,4,3,3,2,3,3,2,3,,,,,
Par,Bear Branch Sportsfield Park,Main,2021-11-23 15:08,54,,3,3,3,3,3,3,3,3,3,3,3,3,3,3,3,3,3,3,,,,,
Bobby + Cody,Bear Branch Sportsfield Park,Main,2021-11-23 15:08,59,5,3,4,4,3,2,5,3,3,3,3,3,4,4,3,2,3,4,3,,,,,
Henning + Mears,Bear Branch Sportsfield Park,Main,2021-11-23 15:08,47,-7,3,2,3,3,3,3,2,2,2,2,3,3,3,2,2,3,3,3,,,,,
Jason D. + Alex,Bear Branch Sportsfield Park,Main,2021-11-23 15:08,47,-7,3,2,3,2,3,3,2,3,2,2,3,3,4,2,3,2,3,2,,,,,
Par,Brock Park Disc Golf Course,Long (Advanced) Layout,2021-11-14 08:50,59,,3,4,3,3,3,3,3,3,3,3,3,4,3,4,3,3,4,4,,,,,
Henning,Brock Park Disc Golf Course,Long (Advanced) Layout,2021-11-14 08:50,64,5,4,5,3,3,2,3,3,3,4,3,3,5,2,6,3,3,5,4,,,,,
Alex,Brock Park Disc Golf Course,Long (Advanced) Layout,2021-11-14 08:50,72,13,4,4,3,4,3,3,3,4,4,4,3,5,4,6,3,4,6,5,,,,,
Mike Bevel,Brock Park Disc Golf Course,Long (Advanced) Layout,2021-11-14 08:50,66,7,4,5,5,3,3,4,2,3,3,3,3,4,3,4,3,5,4,5,,,,,
Par,Stonebridge Church,Main,2021-11-13 08:58,55,,3,3,3,3,3,4,3,3,3,3,3,3,3,3,3,3,3,3,,,,,
Cody,Stonebridge Church,Main,2021-11-13 08:58,63,8,3,3,5,3,5,5,3,3,3,4,4,2,3,2,3,4,3,5,,,,,
Henning,Stonebridge Church,Main,2021-11-13 08:58,55,0,2,2,3,2,3,4,3,3,3,3,3,2,4,2,4,3,4,5,,,,,
Mears,Stonebridge Church,Main,2021-11-13 08:58,56,1,3,2,4,2,3,5,4,3,3,3,2,3,3,4,3,3,3,3,,,,,
Jason D.,Stonebridge Church,Main,2021-11-13 08:58,64,9,3,3,4,3,4,5,3,4,2,3,3,2,4,4,5,5,3,4,,,,,
BurtRuckus,Stonebridge Church,Main,2021-11-13 08:58,70,15,4,3,4,3,5,5,4,5,4,4,4,3,3,5,5,3,3,3,,,,,
Par,T.C. Jester Park,Full 21 - White Tees,2021-11-09 16:32,63,,3,3,3,3,3,3,3,3,3,3,3,3,3,3,3,3,3,3,3,3,3,,
Cody,T.C. Jester Park,Full 21 - White Tees,2021-11-09 16:32,42,3,3,4,2,3,3,3,3,4,3,3,3,3,5,0,0,0,0,0,0,0,0,,
Henning,T.C. Jester Park,Full 21 - White Tees,2021-11-09 16:32,40,1,3,3,2,4,4,3,3,3,3,3,3,2,4,0,0,0,0,0,0,0,0,,
Alex,T.C. Jester Park,Full 21 - White Tees,2021-11-09 16:32,42,3,4,3,2,3,3,3,4,4,2,3,3,3,5,0,0,0,0,0,0,0,0,,
Par,Spring Valley Golf & Disc Golf,The Finesse (yellow),2021-11-05 16:14,58,,3,3,3,3,3,3,3,3,3,3,3,3,3,3,3,4,3,3,3,,,,
Cody,Spring Valley Golf & Disc Golf,The Finesse (yellow),2021-11-05 16:14,57,11,3,6,4,3,5,3,4,2,4,3,0,3,3,4,5,5,0,0,0,,,,
Henning,Spring Valley Golf & Disc Golf,The Finesse (yellow),2021-11-05 16:14,57,11,5,4,4,3,4,3,4,3,3,5,0,3,3,4,4,5,0,0,0,,,,
Par,Bear Branch Sportsfield Park,Main,2021-11-02 16:52,54,,3,3,3,3,3,3,3,3,3,3,3,3,3,3,3,3,3,3,,,,,
Cody,Bear Branch Sportsfield Park,Main,2021-11-02 16:52,55,1,2,2,2,3,4,4,2,2,2,3,5,3,4,3,3,3,4,4,,,,,
Henning,Bear Branch Sportsfield Park,Main,2021-11-02 16:52,49,-5,2,2,3,2,3,3,2,4,2,3,3,3,3,2,3,2,4,3,,,,,
Mears,Bear Branch Sportsfield Park,Main,2021-11-02 16:52,59,5,3,2,3,3,3,4,3,4,3,2,3,3,5,3,5,3,4,3,,,,,
Alex,Bear Branch Sportsfield Park,Main,2021-11-02 16:52,65,11,3,3,4,3,5,5,3,3,3,4,3,5,3,3,4,3,5,3,,,,,
Jason D.,Bear Branch Sportsfield Park,Main,2021-11-02 16:52,54,0,3,3,2,2,3,3,4,3,3,3,3,3,6,3,2,3,3,2,,,,,
Par,T.C. Jester Park,Full 21 - White Tees,2021-10-31 09:16,63,,3,3,3,3,3,3,3,3,3,3,3,3,3,3,3,3,3,3,3,3,3,,
Henning,T.C. Jester Park,Full 21 - White Tees,2021-10-31 09:16,54,6,3,5,4,2,2,3,3,3,3,4,4,3,5,3,4,3,0,0,0,0,0,,
Alex,T.C. Jester Park,Full 21 - White Tees,2021-10-31 09:16,50,5,4,4,3,3,3,3,3,4,3,3,3,3,4,3,0,4,0,0,0,0,0,,
Mears,T.C. Jester Park,Full 21 - White Tees,2021-10-31 09:16,42,0,3,4,3,2,3,3,3,3,4,2,3,3,3,0,3,0,0,0,0,0,0,,
Par,T.C. Jester Park,Full 21 - White Tees,2021-10-30 14:07,63,,3,3,3,3,3,3,3,3,3,3,3,3,3,3,3,3,3,3,3,3,3,,
Henning,T.C. Jester Park,Full 21 - White Tees,2021-10-30 14:07,62,-1,3,3,3,3,2,3,3,3,3,2,2,3,2,4,3,5,3,3,4,2,3,,
Alex,T.C. Jester Park,Full 21 - White Tees,2021-10-30 14:07,76,13,4,3,3,3,5,3,5,4,3,4,3,4,4,4,3,3,4,4,3,3,4,,
Jason D.,T.C. Jester Park,Full 21 - White Tees,2021-10-30 14:07,69,6,3,3,3,3,3,3,5,4,3,3,4,3,4,3,3,2,3,4,3,3,4,,
Par,Terramont Park,18 - (2) 9-Hole Rounds,2021-10-29 17:05,54,,3,3,3,3,3,3,3,3,3,3,3,3,3,3,3,3,3,3,,,,,
Cody,Terramont Park,18 - (2) 9-Hole Rounds,2021-10-29 17:05,61,7,2,4,4,3,3,3,3,3,2,3,6,3,4,4,5,2,3,4,,,,,
Henning,Terramont Park,18 - (2) 9-Hole Rounds,2021-10-29 17:05,66,12,4,4,3,5,4,4,4,4,2,3,4,3,5,5,3,3,3,3,,,,,
Mears,Terramont Park,18 - (2) 9-Hole Rounds,2021-10-29 17:05,60,6,3,3,3,3,3,3,3,3,3,4,4,3,5,3,4,3,4,3,,,,,
Alex,Terramont Park,18 - (2) 9-Hole Rounds,2021-10-29 17:05,74,20,5,4,4,5,4,5,2,5,3,4,5,4,5,4,6,2,4,3,,,,,
BurtRuckus,Terramont Park,18 - (2) 9-Hole Rounds,2021-10-29 17:05,69,15,4,5,4,4,5,4,2,4,3,3,6,4,5,4,3,3,3,3,,,,,
Par,Bear Branch Sportsfield Park,Main,2021-10-28 17:13,54,,3,3,3,3,3,3,3,3,3,3,3,3,3,3,3,3,3,3,,,,,
Cody,Bear Branch Sportsfield Park,Main,2021-10-28 17:13,61,7,4,4,3,3,4,3,2,3,3,3,6,3,4,4,2,4,3,3,,,,,
Henning,Bear Branch Sportsfield Park,Main,2021-10-28 17:13,63,9,4,3,4,3,3,3,4,3,3,4,3,4,5,3,3,3,5,3,,,,,
Mears,Bear Branch Sportsfield Park,Main,2021-10-28 17:13,65,11,3,4,4,3,4,4,3,3,3,5,4,6,3,3,3,3,3,4,,,,,
Par,Bear Branch Sportsfield Park,Main,2021-10-26 17:07,54,,3,3,3,3,3,3,3,3,3,3,3,3,3,3,3,3,3,3,,,,,
Cody,Bear Branch Sportsfield Park,Main,2021-10-26 17:07,60,6,3,2,4,3,5,4,3,3,4,3,5,2,4,2,3,3,3,4,,,,,
Henning,Bear Branch Sportsfield Park,Main,2021-10-26 17:07,55,1,2,2,4,2,4,3,2,4,2,4,4,5,3,3,3,3,2,3,,,,,
Alex,Bear Branch Sportsfield Park,Main,2021-10-26 17:07,69,15,3,3,3,4,5,3,3,4,4,3,4,2,5,4,4,6,5,4,,,,,
Jason D.,Bear Branch Sportsfield Park,Main,2021-10-26 17:07,55,1,4,3,4,3,4,4,2,2,3,3,3,3,3,3,3,3,2,3,,,,,
Par,Bear Branch Sportsfield Park,Main,2021-10-22 16:55,54,,3,3,3,3,3,3,3,3,3,3,3,3,3,3,3,3,3,3,,,,,
Henning + Cody,Bear Branch Sportsfield Park,Main,2021-10-22 16:55,44,-10,2,2,3,3,3,3,2,3,2,2,3,3,3,2,2,2,2,2,,,,,
Bobby + Mears,Bear Branch Sportsfield Park,Main,2021-10-22 16:55,57,3,3,3,3,4,4,4,3,2,3,2,3,4,4,3,3,3,3,3,,,,,
Mike Bevel + Jason D.,Bear Branch Sportsfield Park,Main,2021-10-22 16:55,51,-3,2,2,3,3,3,3,2,2,3,3,3,4,4,3,2,3,3,3,,,,,
Par,Bear Branch Sportsfield Park,Main,2021-10-04 17:05,54,,3,3,3,3,3,3,3,3,3,3,3,3,3,3,3,3,3,3,,,,,
Cody + Alex,Bear Branch Sportsfield Park,Main,2021-10-04 17:05,55,1,3,2,3,3,3,3,3,4,3,3,3,4,3,3,3,3,3,3,,,,,
BurtRuckus + Mears,Bear Branch Sportsfield Park,Main,2021-10-04 17:05,49,-5,2,3,3,2,3,3,3,3,2,3,3,3,4,2,2,3,3,2,,,,,
Henning + Jason D.,Bear Branch Sportsfield Park,Main,2021-10-04 17:05,47,-7,2,2,2,2,3,4,2,3,2,2,4,3,3,2,3,3,3,2,,,,,
Par,Terramont Park,18 - (2) 9-Hole Rounds,2021-09-22 17:10,54,,3,3,3,3,3,3,3,3,3,3,3,3,3,3,3,3,3,3,,,,,
Cody,Terramont Park,18 - (2) 9-Hole Rounds,2021-09-22 17:10,54,0,2,6,4,4,3,3,2,2,2,2,4,3,3,3,2,3,3,3,,,,,
Henning,Terramont Park,18 - (2) 9-Hole Rounds,2021-09-22 17:10,59,5,2,4,3,4,2,2,3,2,5,3,5,3,3,3,4,3,3,5,,,,,
Mears,Terramont Park,18 - (2) 9-Hole Rounds,2021-09-22 17:10,62,8,2,5,4,3,5,5,3,4,2,4,4,3,3,3,3,4,2,3,,,,,
Alex,Terramont Park,18 - (2) 9-Hole Rounds,2021-09-22 17:10,63,9,3,4,3,4,4,5,3,3,3,3,4,3,4,4,4,2,3,4,,,,,
Par,Bear Branch Sportsfield Park,Main,2021-09-21 17:05,54,,3,3,3,3,3,3,3,3,3,3,3,3,3,3,3,3,3,3,,,,,
Cody,Bear Branch Sportsfield Park,Main,2021-09-21 17:05,59,5,2,2,3,4,3,5,3,3,3,3,4,5,4,2,4,3,3,3,,,,,
Henning,Bear Branch Sportsfield Park,Main,2021-09-21 17:05,56,2,3,2,4,3,3,4,3,3,2,3,3,3,5,2,2,2,5,4,,,,,
Mears,Bear Branch Sportsfield Park,Main,2021-09-21 17:05,54,0,2,3,3,2,3,3,3,3,2,3,4,4,5,3,2,3,4,2,,,,,
Jason D.,Bear Branch Sportsfield Park,Main,2021-09-21 17:05,55,1,3,3,3,3,4,3,3,2,3,3,3,4,4,3,2,3,3,3,,,,,
Mike Bevel,Bear Branch Sportsfield Park,Main,2021-09-21 17:05,57,3,3,2,3,4,5,4,3,4,3,2,3,4,4,2,2,3,3,3,,,,,
Par,Bear Branch Sportsfield Park,Main,2021-09-17 16:55,54,,3,3,3,3,3,3,3,3,3,3,3,3,3,3,3,3,3,3,,,,,
Cody,Bear Branch Sportsfield Park,Main,2021-09-17 16:55,55,1,2,3,3,2,3,3,3,2,3,3,4,5,4,2,2,3,3,5,,,,,
Henning,Bear Branch Sportsfield Park,Main,2021-09-17 16:55,58,4,4,3,3,4,2,5,3,2,3,2,3,2,4,4,3,5,3,3,,,,,
Mears,Bear Branch Sportsfield Park,Main,2021-09-17 16:55,55,1,2,4,3,4,3,3,2,4,2,3,3,4,3,4,2,4,3,2,,,,,
Jason D.,Bear Branch Sportsfield Park,Main,2021-09-17 16:55,60,6,3,3,3,3,3,4,3,2,3,3,4,4,5,4,3,4,4,2,,,,,
Par,Northside Christian Church,Main,2021-09-15 17:07,57,,4,3,3,3,3,3,3,3,3,3,3,3,3,4,3,3,3,4,,,,,
Cody + Mike Bevel,Northside Christian Church,Main,2021-09-15 17:07,56,-1,4,3,3,3,3,2,2,3,3,3,3,3,3,4,3,3,3,5,,,,,
Henning + Mears,Northside Christian Church,Main,2021-09-15 17:07,57,0,4,3,3,3,4,3,2,3,3,3,3,3,3,4,3,3,3,4,,,,,
Jason D. + Alex,Northside Christian Church,Main,2021-09-15 17:07,59,2,5,2,3,3,3,3,2,4,3,3,3,3,3,3,4,3,3,6,,,,,
Par,Stonebridge Church,Main,2021-09-10 17:14,55,,3,3,3,3,3,4,3,3,3,3,3,3,3,3,3,3,3,3,,,,,
Cody,Stonebridge Church,Main,2021-09-10 17:14,65,10,3,3,4,4,3,4,3,2,4,4,5,3,5,2,3,5,4,4,,,,,
Henning,Stonebridge Church,Main,2021-09-10 17:14,57,2,3,2,5,3,3,4,3,4,2,3,5,2,3,3,2,4,3,3,,,,,
Alex,Stonebridge Church,Main,2021-09-10 17:14,69,14,3,5,4,6,3,5,4,3,4,4,4,3,3,3,4,5,3,3,,,,,
Par,Terramont Park,Main,2021-09-09 18:16,27,,3,3,3,3,3,3,3,3,3,,,,,,,,,,,,,,
Cody,Terramont Park,Main,2021-09-09 18:16,29,2,4,4,3,3,3,3,3,3,3,,,,,,,,,,,,,,
Henning,Terramont Park,Main,2021-09-09 18:16,30,3,4,3,4,4,3,3,3,3,3,,,,,,,,,,,,,,
Par,Terramont Park,Main,2021-09-09 17:36,28,,3,4,3,3,3,3,3,3,3,,,,,,,,,,,,,,
Cody,Terramont Park,Main,2021-09-09 17:36,27,-1,2,3,4,3,3,4,3,3,2,,,,,,,,,,,,,,
Henning,Terramont Park,Main,2021-09-09 17:36,29,1,4,3,5,3,3,3,3,3,2,,,,,,,,,,,,,,
Par,Terramont Park,Main,2021-09-08 18:55,28,,3,4,3,3,3,3,3,3,3,,,,,,,,,,,,,,
Cody,Terramont Park,Main,2021-09-08 18:55,28,0,3,3,4,3,4,4,2,2,3,,,,,,,,,,,,,,
Killamon Daru,Terramont Park,Main,2021-09-08 18:55,33,5,3,6,3,4,4,4,3,3,3,,,,,,,,,,,,,,
Henning,Terramont Park,Main,2021-09-08 18:55,31,3,3,4,3,3,3,3,5,3,4,,,,,,,,,,,,,,
Discer,Terramont Park,Main,2021-09-08 18:55,28,0,3,4,4,3,3,4,3,2,2,,,,,,,,,,,,,,
Par,Terramont Park,Main,2021-09-08 17:43,28,,3,4,3,3,3,3,3,3,3,,,,,,,,,,,,,,
Cody,Terramont Park,Main,2021-09-08 17:43,30,2,2,3,3,3,3,7,3,3,3,,,,,,,,,,,,,,
Henning,Terramont Park,Main,2021-09-08 17:43,28,0,2,4,4,3,3,4,3,2,3,,,,,,,,,,,,,,
Killamon Daru,Terramont Park,Main,2021-09-08 17:43,29,1,3,4,3,3,4,4,3,3,2,,,,,,,,,,,,,,
Discer,Terramont Park,Main,2021-09-08 17:43,25,-3,2,4,3,3,3,3,2,2,3,,,,,,,,,,,,,,
Par,T.C. Jester Park,Full 21 - White Tees,2021-09-07 17:25,63,,3,3,3,3,3,3,3,3,3,3,3,3,3,3,3,3,3,3,3,3,3,,
Henning,T.C. Jester Park,Full 21 - White Tees,2021-09-07 17:25,62,-1,3,3,3,3,4,3,4,3,2,2,5,2,3,2,3,2,3,3,3,3,3,,
Alex,T.C. Jester Park,Full 21 - White Tees,2021-09-07 17:25,70,7,3,4,4,3,2,3,4,4,2,3,4,3,3,3,3,4,5,3,3,3,4,,
Par,Terramont Park,Main,2021-08-31 19:09,28,,3,4,3,3,3,3,3,3,3,,,,,,,,,,,,,,
Cody,Terramont Park,Main,2021-08-31 19:09,31,3,3,4,4,3,3,4,3,4,3,,,,,,,,,,,,,,
Henning,Terramont Park,Main,2021-08-31 19:09,26,-2,3,4,3,3,3,3,3,2,2,,,,,,,,,,,,,,
Mears,Terramont Park,Main,2021-08-31 19:09,29,1,4,4,4,3,3,2,3,3,3,,,,,,,,,,,,,,
Alex,Terramont Park,Main,2021-08-31 19:09,32,4,3,4,3,4,4,5,3,3,3,,,,,,,,,,,,,,
Jason D.,Terramont Park,Main,2021-08-31 19:09,29,1,3,4,3,3,3,5,3,3,2,,,,,,,,,,,,,,
Par,Terramont Park,Main,2021-08-31 18:08,28,,3,4,3,3,3,3,3,3,3,,,,,,,,,,,,,,
Cody,Terramont Park,Main,2021-08-31 18:08,31,3,3,5,3,4,3,4,3,3,3,,,,,,,,,,,,,,
Henning,Terramont Park,Main,2021-08-31 18:08,31,3,4,4,4,3,3,4,3,4,2,,,,,,,,,,,,,,
Mears,Terramont Park,Main,2021-08-31 18:08,28,0,3,3,3,3,4,3,3,3,3,,,,,,,,,,,,,,
Alex,Terramont Park,Main,2021-08-31 18:08,32,4,3,5,4,4,3,4,3,3,3,,,,,,,,,,,,,,
Jason D.,Terramont Park,Main,2021-08-31 18:08,32,4,4,5,3,3,3,4,4,3,3,,,,,,,,,,,,,,
Par,Bear Branch Sportsfield Park,Main,2021-08-25 17:58,54,,3,3,3,3,3,3,3,3,3,3,3,3,3,3,3,3,3,3,,,,,
Cody,Bear Branch Sportsfield Park,Main,2021-08-25 17:58,57,3,3,2,4,3,4,4,3,2,2,3,4,4,4,3,3,2,3,4,,,,,
Mike Bevel,Bear Branch Sportsfield Park,Main,2021-08-25 17:58,66,12,4,3,4,3,5,4,4,5,2,4,4,3,4,3,3,4,3,4,,,,,
Henning,Bear Branch Sportsfield Park,Main,2021-08-25 17:58,62,8,4,4,3,3,4,4,2,3,3,2,4,4,4,3,2,4,5,4,,,,,
Alex,Bear Branch Sportsfield Park,Main,2021-08-25 17:58,64,10,3,3,4,3,5,4,3,3,3,4,4,4,4,2,5,4,3,3,,,,,
Par,Stonebridge Church,Main,2021-08-24 18:05,55,,3,3,3,3,3,4,3,3,3,3,3,3,3,3,3,3,3,3,,,,,
Cody,Stonebridge Church,Main,2021-08-24 18:05,62,7,2,4,4,3,3,4,2,3,4,4,3,4,5,3,3,5,3,3,,,,,
Henning,Stonebridge Church,Main,2021-08-24 18:05,57,2,2,2,5,4,3,4,5,3,2,3,3,4,2,3,3,4,2,3,,,,,
Mears,Stonebridge Church,Main,2021-08-24 18:05,58,3,3,4,5,4,4,4,3,3,4,3,3,2,2,3,4,3,2,2,,,,,
Alex,Stonebridge Church,Main,2021-08-24 18:05,64,9,1,2,4,3,4,4,6,3,3,3,4,4,3,3,5,4,4,4,,,,,
Jason D.,Stonebridge Church,Main,2021-08-24 18:05,60,5,3,3,4,2,5,7,3,2,3,3,4,3,3,3,3,3,3,3,,,,,
Par,Zube Park DGC,White Tees,2021-08-21 08:32,57,,3,3,4,3,3,3,3,3,3,3,5,3,3,3,3,3,3,3,,,,,
Mears,Zube Park DGC,White Tees,2021-08-21 08:32,54,-3,3,3,3,3,3,3,2,3,3,3,5,3,4,2,2,3,3,3,,,,,
Alex,Zube Park DGC,White Tees,2021-08-21 08:32,59,2,3,3,4,2,3,2,3,3,3,3,6,4,4,2,4,3,3,4,,,,,
Henning,Zube Park DGC,White Tees,2021-08-21 08:32,56,-1,4,3,3,2,3,3,3,3,2,4,5,3,4,2,3,3,3,3,,,,,
Jason D.,Zube Park DGC,White Tees,2021-08-21 08:32,57,0,3,3,4,3,4,3,3,3,3,3,5,3,3,2,3,3,3,3,,,,,
Par,Bear Branch Sportsfield Park,Main,2021-08-16 17:10,54,,3,3,3,3,3,3,3,3,3,3,3,3,3,3,3,3,3,3,,,,,
Cody,Bear Branch Sportsfield Park,Main,2021-08-16 17:10,62,8,3,3,3,3,3,3,5,3,4,3,4,4,5,2,3,4,3,4,,,,,
Henning,Bear Branch Sportsfield Park,Main,2021-08-16 17:10,59,5,3,2,3,3,3,5,3,3,2,3,4,3,5,3,4,3,4,3,,,,,
Mears,Bear Branch Sportsfield Park,Main,2021-08-16 17:10,57,3,3,3,3,3,4,5,3,2,3,3,3,3,4,3,2,4,3,3,,,,,
Alex,Bear Branch Sportsfield Park,Main,2021-08-16 17:10,64,10,3,3,3,3,5,4,2,3,4,3,4,4,4,3,4,4,4,4,,,,,
Jason D.,Bear Branch Sportsfield Park,Main,2021-08-16 17:10,61,7,3,2,3,5,5,3,3,3,4,3,3,4,4,3,4,3,3,3,,,,,
Par,Bear Branch Sportsfield Park,Main,2021-08-12 17:52,54,,3,3,3,3,3,3,3,3,3,3,3,3,3,3,3,3,3,3,,,,,
Mears,Bear Branch Sportsfield Park,Main,2021-08-12 17:52,60,6,4,4,3,2,5,4,3,3,3,3,3,4,3,2,3,3,4,4,,,,,
Cody,Bear Branch Sportsfield Park,Main,2021-08-12 17:52,55,1,4,2,4,3,3,4,2,3,2,3,3,3,5,2,2,3,4,3,,,,,
Alex,Bear Branch Sportsfield Park,Main,2021-08-12 17:52,71,17,4,5,5,4,5,3,4,3,4,5,3,4,6,3,3,3,3,4,,,,,
Henning,Bear Branch Sportsfield Park,Main,2021-08-12 17:52,66,12,3,2,5,3,5,4,3,4,2,4,5,4,5,2,3,4,4,4,,,,,
Jason D.,Bear Branch Sportsfield Park,Main,2021-08-12 17:52,62,8,3,3,5,2,4,4,2,2,3,2,4,4,6,3,3,4,4,4,,,,,
Par,Bear Branch Sportsfield Park,Main,2021-08-10 17:48,54,,3,3,3,3,3,3,3,3,3,3,3,3,3,3,3,3,3,3,,,,,
Cody,Bear Branch Sportsfield Park,Main,2021-08-10 17:48,60,6,2,4,4,3,3,3,3,4,2,3,3,3,4,2,4,4,4,5,,,,,
Henning,Bear Branch Sportsfield Park,Main,2021-08-10 17:48,54,0,2,2,3,2,4,3,3,3,3,2,4,3,5,3,4,3,3,2,,,,,
Par,Agnes Moffitt Park,Main Short White 21,2021-08-08 09:05,63,,3,3,3,3,3,3,3,3,3,3,3,3,3,3,3,3,3,3,3,3,3,,
Cody,Agnes Moffitt Park,Main Short White 21,2021-08-08 09:05,69,6,2,4,3,3,4,5,3,3,2,3,3,3,4,3,2,4,4,4,3,3,4,,
Henning,Agnes Moffitt Park,Main Short White 21,2021-08-08 09:05,67,4,4,4,4,3,3,3,3,3,3,2,3,3,4,3,3,3,4,3,3,3,3,,
Mears,Agnes Moffitt Park,Main Short White 21,2021-08-08 09:05,59,-4,3,3,3,3,3,2,3,3,2,2,3,3,3,3,2,3,3,3,3,3,3,,
Alex,Agnes Moffitt Park,Main Short White 21,2021-08-08 09:05,79,16,4,5,3,3,5,3,4,3,3,4,3,4,4,4,5,2,4,3,3,5,5,,
Jason D.,Agnes Moffitt Park,Main Short White 21,2021-08-08 09:05,64,1,2,4,3,3,3,3,3,3,3,4,4,3,3,3,3,3,3,3,3,2,3,,
BurtRuckus,Agnes Moffitt Park,Main Short White 21,2021-08-08 09:05,75,12,5,4,3,4,3,4,4,3,2,3,4,5,4,3,3,2,4,4,3,5,3,,
Bobby,Agnes Moffitt Park,Main Short White 21,2021-08-08 09:05,82,19,4,3,3,3,4,4,5,4,4,3,4,5,4,4,3,4,3,4,5,5,4,,
Par,Bear Branch Sportsfield Park,Main,2021-08-06 18:13,54,,3,3,3,3,3,3,3,3,3,3,3,3,3,3,3,3,3,3,,,,,
Cody,Bear Branch Sportsfield Park,Main,2021-08-06 18:13,56,2,3,5,4,3,5,4,2,2,2,3,3,3,3,3,3,3,2,3,,,,,
Henning,Bear Branch Sportsfield Park,Main,2021-08-06 18:13,59,5,3,3,3,4,3,3,2,3,3,4,4,4,4,3,3,4,4,2,,,,,
Mears,Bear Branch Sportsfield Park,Main,2021-08-06 18:13,60,6,3,3,3,4,4,3,3,4,2,3,3,4,5,3,4,3,3,3,,,,,
Alex,Bear Branch Sportsfield Park,Main,2021-08-06 18:13,69,15,4,3,4,3,4,5,3,2,5,5,4,5,5,3,4,3,4,3,,,,,
Par,Bear Branch Sportsfield Park,Main,2021-08-04 17:59,54,,3,3,3,3,3,3,3,3,3,3,3,3,3,3,3,3,3,3,,,,,
Cody,Bear Branch Sportsfield Park,Main,2021-08-04 17:59,59,5,4,3,3,2,4,4,3,3,3,2,4,4,4,2,2,6,3,3,,,,,
Alex,Bear Branch Sportsfield Park,Main,2021-08-04 17:59,63,9,3,2,5,3,4,3,3,2,3,4,3,4,4,4,3,4,4,5,,,,,
Jason D.,Bear Branch Sportsfield Park,Main,2021-08-04 17:59,59,5,4,3,4,3,2,3,3,3,3,3,4,3,5,3,3,3,4,3,,,,,
Henning,Bear Branch Sportsfield Park,Main,2021-08-04 17:59,55,1,2,3,4,3,3,4,2,2,2,3,4,6,4,3,2,2,3,3,,,,,
Par,Bear Branch Sportsfield Park,Main,2021-08-03 16:52,54,,3,3,3,3,3,3,3,3,3,3,3,3,3,3,3,3,3,3,,,,,
Cody,Bear Branch Sportsfield Park,Main,2021-08-03 16:52,61,7,4,3,4,3,4,3,2,3,3,2,3,4,3,5,3,4,3,5,,,,,
Henning,Bear Branch Sportsfield Park,Main,2021-08-03 16:52,54,0,3,3,4,2,4,3,3,2,2,2,4,4,3,2,4,3,3,3,,,,,
Jason D.,Bear Branch Sportsfield Park,Main,2021-08-03 16:52,48,-6,3,3,3,2,3,3,2,3,2,2,3,3,3,2,3,3,3,2,,,,,
Par,Zube Park DGC,Blue Tees (Main),2021-08-01 08:14,55,,3,3,3,3,3,3,3,3,3,3,4,3,3,3,3,3,3,3,,,,,
Cody,Zube Park DGC,Blue Tees (Main),2021-08-01 08:14,64,9,4,5,5,3,2,2,3,2,3,3,5,5,3,3,3,4,4,5,,,,,
Henning,Zube Park DGC,Blue Tees (Main),2021-08-01 08:14,56,1,3,2,4,2,3,2,4,4,2,3,5,4,2,4,3,3,2,4,,,,,
Mears,Zube Park DGC,Blue Tees (Main),2021-08-01 08:14,52,-3,3,3,3,2,3,2,4,2,2,4,5,4,2,3,2,2,3,3,,,,,
Alex,Zube Park DGC,Blue Tees (Main),2021-08-01 08:14,63,8,3,4,4,2,3,3,2,3,4,3,7,4,3,5,3,3,3,4,,,,,
Jason D.,Zube Park DGC,Blue Tees (Main),2021-08-01 08:14,58,3,2,4,3,3,3,3,3,3,3,3,6,3,3,3,3,4,3,3,,,,,
Par,Zube Park DGC,Blue Tees (Main),2021-07-31 08:39,55,,3,3,3,3,3,3,3,3,3,3,4,3,3,3,3,3,3,3,,,,,
Henning,Zube Park DGC,Blue Tees (Main),2021-07-31 08:39,52,-3,2,3,3,2,3,2,2,3,2,3,6,4,3,3,3,2,3,3,,,,,
Mears,Zube Park DGC,Blue Tees (Main),2021-07-31 08:39,55,0,3,4,3,2,3,3,3,3,3,3,6,3,2,3,3,2,2,4,,,,,
Alex,Zube Park DGC,Blue Tees (Main),2021-07-31 08:39,64,9,3,4,5,2,3,3,3,3,3,5,6,4,3,4,2,5,3,3,,,,,
Par,Bear Branch Sportsfield Park,Main,2021-07-30 18:35,54,,3,3,3,3,3,3,3,3,3,3,3,3,3,3,3,3,3,3,,,,,
Cody,Bear Branch Sportsfield Park,Main,2021-07-30 18:35,53,-1,2,3,3,2,5,3,2,3,2,2,3,5,5,2,2,3,4,2,,,,,
Henning,Bear Branch Sportsfield Park,Main,2021-07-30 18:35,56,2,3,3,2,4,4,3,3,3,3,2,4,2,3,3,3,4,3,4,,,,,
Mears,Bear Branch Sportsfield Park,Main,2021-07-30 18:35,59,5,3,4,3,5,3,3,3,3,2,3,4,3,5,2,3,4,2,4,,,,,
Alex,Bear Branch Sportsfield Park,Main,2021-07-30 18:35,62,8,4,3,3,3,3,4,2,3,4,2,5,3,4,2,3,5,3,6,,,,,
Jason D.,Bear Branch Sportsfield Park,Main,2021-07-30 18:35,58,4,4,3,4,3,4,3,4,2,3,2,3,5,4,2,3,3,3,3,,,,,
Par,T.C. Jester Park,Full 21 - White Tees,2021-07-25 08:24,63,,3,3,3,3,3,3,3,3,3,3,3,3,3,3,3,3,3,3,3,3,3,,
Henning,T.C. Jester Park,Full 21 - White Tees,2021-07-25 08:24,64,1,3,3,4,2,3,3,4,3,3,3,4,3,4,3,2,2,3,3,3,3,3,,
Mears,T.C. Jester Park,Full 21 - White Tees,2021-07-25 08:24,59,-4,3,3,3,2,3,2,3,3,3,3,3,2,4,3,3,3,2,3,3,2,3,,
Alex,T.C. Jester Park,Full 21 - White Tees,2021-07-25 08:24,65,2,3,4,3,2,2,4,4,3,2,3,4,3,4,3,3,3,3,3,4,2,3,,
Par,McDade Park,New McDade,2021-07-24 15:14,57,,3,3,3,3,3,3,3,3,3,3,4,3,3,4,3,4,3,3,,,,,
Henning,McDade Park,New McDade,2021-07-24 15:14,64,7,3,4,4,3,3,3,6,4,3,3,5,2,3,3,4,5,3,3,,,,,
Mears,McDade Park,New McDade,2021-07-24 15:14,63,6,3,3,4,3,3,3,6,4,3,3,4,3,4,4,4,4,2,3,,,,,
Alex,McDade Park,New McDade,2021-07-24 15:14,67,10,4,3,5,3,4,3,5,3,3,2,5,3,5,4,4,5,3,3,,,,,
Jeff,McDade Park,New McDade,2021-07-24 15:14,67,10,3,6,5,5,3,3,4,4,3,3,5,3,3,3,4,4,3,3,,,,,
Par,T.C. Jester Park,Full 21 - White Tees,2021-07-22 17:29,63,,3,3,3,3,3,3,3,3,3,3,3,3,3,3,3,3,3,3,3,3,3,,
Henning,T.C. Jester Park,Full 21 - White Tees,2021-07-22 17:29,63,0,2,3,3,2,3,3,4,3,3,3,4,3,4,3,3,2,3,3,3,3,3,,
Mears,T.C. Jester Park,Full 21 - White Tees,2021-07-22 17:29,64,1,3,3,2,3,4,3,3,4,3,2,3,2,5,3,4,2,3,3,3,3,3,,
Alex,T.C. Jester Park,Full 21 - White Tees,2021-07-22 17:29,47,8,4,4,4,3,3,3,3,3,3,3,4,4,6,0,0,0,0,0,0,0,0,,
Par,Bear Branch Sportsfield Park,Main,2021-07-14 18:07,54,,3,3,3,3,3,3,3,3,3,3,3,3,3,3,3,3,3,3,,,,,
Cody,Bear Branch Sportsfield Park,Main,2021-07-14 18:07,53,-1,2,2,3,2,3,4,3,4,2,1,4,4,6,2,2,3,3,3,,,,,
Henning,Bear Branch Sportsfield Park,Main,2021-07-14 18:07,56,2,3,4,3,2,3,3,3,3,4,4,4,4,3,2,3,3,2,3,,,,,
Par,Zube Park DGC,Blue Tees (Main),2021-07-11 08:16,55,,3,3,3,3,3,3,3,3,3,3,4,3,3,3,3,3,3,3,,,,,
Cody,Zube Park DGC,Blue Tees (Main),2021-07-11 08:16,54,-1,3,3,3,2,4,3,3,3,2,3,5,3,2,3,3,2,3,4,,,,,
Henning,Zube Park DGC,Blue Tees (Main),2021-07-11 08:16,53,-2,3,3,4,3,3,3,2,2,3,3,4,3,2,3,3,3,3,3,,,,,
Mears,Zube Park DGC,Blue Tees (Main),2021-07-11 08:16,53,-2,3,3,4,2,2,3,3,4,2,3,5,3,3,3,2,2,3,3,,,,,
Alex,Zube Park DGC,Blue Tees (Main),2021-07-11 08:16,58,3,3,3,4,3,3,3,3,2,3,4,5,4,3,4,2,3,3,3,,,,,
Bobby,Zube Park DGC,Blue Tees (Main),2021-07-11 08:16,72,17,3,4,5,5,3,5,3,4,3,4,6,5,3,5,3,3,4,4,,,,,
Par,Bear Branch Sportsfield Park,Main,2021-07-07 18:06,54,,3,3,3,3,3,3,3,3,3,3,3,3,3,3,3,3,3,3,,,,,
Cody,Bear Branch Sportsfield Park,Main,2021-07-07 18:06,56,2,2,2,3,4,3,3,2,3,2,2,6,5,5,2,4,3,2,3,,,,,
Henning,Bear Branch Sportsfield Park,Main,2021-07-07 18:06,60,6,2,3,3,3,2,5,3,2,3,3,6,3,5,3,3,4,4,3,,,,,
Alex,Bear Branch Sportsfield Park,Main,2021-07-07 18:06,70,16,5,3,3,3,4,4,3,3,4,3,6,5,5,2,3,6,5,3,,,,,
Par,Windwood Presbyterian,Main,2021-07-05 08:14,65,,3,3,3,3,3,3,3,3,3,3,3,3,4,3,3,3,3,3,4,3,3,,
Cody,Windwood Presbyterian,Main,2021-07-05 08:14,74,9,3,4,4,2,3,3,3,4,3,4,3,4,4,4,3,4,3,4,5,3,4,,
Henning,Windwood Presbyterian,Main,2021-07-05 08:14,76,11,3,4,3,3,5,3,4,4,3,4,4,4,4,2,4,4,2,5,5,3,3,,
Mears,Windwood Presbyterian,Main,2021-07-05 08:14,71,6,3,4,3,3,2,3,4,3,3,4,3,3,5,3,4,4,3,3,4,3,4,,
Alex,Windwood Presbyterian,Main,2021-07-05 08:14,78,13,3,4,4,3,3,3,4,4,3,4,4,4,6,4,4,4,3,4,4,2,4,,
Killamon Daru,Windwood Presbyterian,Main,2021-07-05 08:14,74,9,4,3,4,2,2,4,3,3,4,4,3,4,4,4,4,3,4,4,4,3,4,,
BurtRuckus,Windwood Presbyterian,Main,2021-07-05 08:14,86,21,4,5,3,3,4,3,4,4,5,4,4,4,5,3,4,7,4,5,4,3,4,,
Par,T.C. Jester Park,Full 21 - White Tees,2021-07-04 08:03,63,,3,3,3,3,3,3,3,3,3,3,3,3,3,3,3,3,3,3,3,3,3,,
Cody,T.C. Jester Park,Full 21 - White Tees,2021-07-04 08:03,71,8,4,4,3,3,3,3,3,4,4,3,3,3,4,3,3,3,3,4,3,3,5,,
Henning,T.C. Jester Park,Full 21 - White Tees,2021-07-04 08:03,68,5,4,4,2,3,3,3,3,4,3,3,4,4,4,3,4,3,3,2,3,3,3,,
Mears,T.C. Jester Park,Full 21 - White Tees,2021-07-04 08:03,64,1,3,3,3,3,3,3,3,5,2,3,3,3,3,3,2,3,4,4,3,2,3,,
Alex,T.C. Jester Park,Full 21 - White Tees,2021-07-04 08:03,66,3,3,3,3,3,3,3,3,3,3,3,3,3,4,3,4,3,3,5,2,3,3,,
Par,Zube Park DGC,Blue Tees (Main),2021-07-03 07:58,55,,3,3,3,3,3,3,3,3,3,3,4,3,3,3,3,3,3,3,,,,,
Cody,Zube Park DGC,Blue Tees (Main),2021-07-03 07:58,55,0,3,3,4,2,3,2,3,2,3,3,4,3,4,4,3,3,3,3,,,,,
Henning,Zube Park DGC,Blue Tees (Main),2021-07-03 07:58,56,1,3,3,5,2,2,3,3,4,3,5,4,3,2,3,3,2,3,3,,,,,
Mears,Zube Park DGC,Blue Tees (Main),2021-07-03 07:58,53,-2,3,3,5,3,3,2,1,3,2,3,4,4,2,4,2,3,3,3,,,,,
Alex,Zube Park DGC,Blue Tees (Main),2021-07-03 07:58,59,4,3,4,4,3,4,2,3,3,3,2,5,3,3,4,3,3,4,3,,,,,
BurtRuckus,Zube Park DGC,Blue Tees (Main),2021-07-03 07:58,65,10,3,5,5,3,4,3,2,4,3,4,5,4,3,4,3,4,3,3,,,,,
Par,Bear Branch Sportsfield Park,Main,2021-06-30 18:18,54,,3,3,3,3,3,3,3,3,3,3,3,3,3,3,3,3,3,3,,,,,
Cody,Bear Branch Sportsfield Park,Main,2021-06-30 18:18,56,2,2,3,4,3,4,3,2,4,3,2,4,4,3,2,3,3,4,3,,,,,
Henning,Bear Branch Sportsfield Park,Main,2021-06-30 18:18,62,8,3,3,4,4,3,3,3,3,2,4,3,5,3,3,4,4,4,4,,,,,
Mears,Bear Branch Sportsfield Park,Main,2021-06-30 18:18,57,3,3,3,4,3,4,4,3,3,2,2,3,3,5,3,3,3,3,3,,,,,
Par,Bear Branch Sportsfield Park,Main,2021-06-24 17:55,54,,3,3,3,3,3,3,3,3,3,3,3,3,3,3,3,3,3,3,,,,,
Cody,Bear Branch Sportsfield Park,Main,2021-06-24 17:55,56,2,3,3,3,3,3,3,3,3,4,3,4,4,3,4,3,2,3,2,,,,,
Henning,Bear Branch Sportsfield Park,Main,2021-06-24 17:55,58,4,2,3,5,3,4,3,3,2,2,3,4,4,3,3,4,3,3,4,,,,,
Jason D.,Bear Branch Sportsfield Park,Main,2021-06-24 17:55,58,4,3,2,3,3,4,5,3,2,3,2,4,4,4,3,3,4,3,3,,,,,
BurtRuckus,Bear Branch Sportsfield Park,Main,2021-06-24 17:55,66,12,4,3,4,4,4,4,4,4,3,2,5,4,5,3,3,3,4,3,,,,,
Par,Bear Branch Sportsfield Park,Main,2021-06-22 17:59,54,,3,3,3,3,3,3,3,3,3,3,3,3,3,3,3,3,3,3,,,,,
Cody,Bear Branch Sportsfield Park,Main,2021-06-22 17:59,57,3,3,2,3,2,6,3,3,4,3,4,4,3,3,2,3,3,4,2,,,,,
Henning,Bear Branch Sportsfield Park,Main,2021-06-22 17:59,59,5,3,7,3,3,3,4,2,2,4,3,3,4,4,2,3,2,4,3,,,,,
Mears,Bear Branch Sportsfield Park,Main,2021-06-22 17:59,61,7,3,5,3,2,4,4,3,2,3,3,5,4,4,3,4,2,4,3,,,,,
Alex,Bear Branch Sportsfield Park,Main,2021-06-22 17:59,65,11,4,4,3,4,4,5,3,3,3,4,5,4,5,2,2,4,3,3,,,,,
Jason D.,Bear Branch Sportsfield Park,Main,2021-06-22 17:59,58,4,5,2,3,2,4,4,4,3,4,2,4,3,4,3,2,3,3,3,,,,,
Par,Bear Branch Sportsfield Park,Main,2021-06-11 18:09,54,,3,3,3,3,3,3,3,3,3,3,3,3,3,3,3,3,3,3,,,,,
Cody,Bear Branch Sportsfield Park,Main,2021-06-11 18:09,59,5,3,3,3,3,5,4,2,3,3,3,3,5,4,2,3,3,4,3,,,,,
Henning,Bear Branch Sportsfield Park,Main,2021-06-11 18:09,51,-3,2,3,2,4,3,3,2,3,2,3,3,3,3,4,3,3,3,2,,,,,
Jason D.,Bear Branch Sportsfield Park,Main,2021-06-11 18:09,63,9,4,2,3,4,4,4,4,3,4,2,4,3,5,5,3,3,3,3,,,,,
BurtRuckus,Bear Branch Sportsfield Park,Main,2021-06-11 18:09,74,20,4,6,4,3,4,4,4,3,4,5,4,5,5,3,3,4,5,4,,,,,
Par,Bear Branch Sportsfield Park,Main,2021-05-23 16:55,54,,3,3,3,3,3,3,3,3,3,3,3,3,3,3,3,3,3,3,,,,,
Cody,Bear Branch Sportsfield Park,Main,2021-05-23 16:55,55,1,4,2,3,3,4,3,3,2,3,2,3,3,5,3,3,3,3,3,,,,,
Henning,Bear Branch Sportsfield Park,Main,2021-05-23 16:55,54,0,3,3,3,2,3,3,3,3,3,3,4,3,3,3,3,3,2,4,,,,,
Mears,Bear Branch Sportsfield Park,Main,2021-05-23 16:55,58,4,4,2,5,3,4,4,3,3,2,3,4,2,3,3,2,4,4,3,,,,,
Alex,Bear Branch Sportsfield Park,Main,2021-05-23 16:55,61,7,3,2,4,4,4,4,2,2,4,5,4,3,4,2,3,3,5,3,,,,,
Jason D.,Bear Branch Sportsfield Park,Main,2021-05-23 16:55,29,-1,3,2,3,4,3,4,3,2,2,3,0,0,0,0,0,0,0,0,,,,,
Par,Bear Branch Sportsfield Park,Main,2021-05-23 14:51,54,,3,3,3,3,3,3,3,3,3,3,3,3,3,3,3,3,3,3,,,,,
Cody,Bear Branch Sportsfield Park,Main,2021-05-23 14:51,56,5,2,2,3,3,4,4,4,3,4,3,3,0,4,5,3,2,3,4,,,,,
Henning,Bear Branch Sportsfield Park,Main,2021-05-23 14:51,55,4,2,3,4,3,4,3,3,2,3,3,3,0,3,3,6,4,3,3,,,,,
Jason D.,Bear Branch Sportsfield Park,Main,2021-05-23 14:51,52,1,3,3,4,3,3,3,3,2,3,2,3,0,4,3,3,4,3,3,,,,,
Mears,Bear Branch Sportsfield Park,Main,2021-05-23 14:51,56,5,3,3,3,3,3,3,3,4,3,3,4,0,4,4,4,2,5,2,,,,,
Par,Bear Branch Sportsfield Park,Main,2021-05-20 17:03,54,,3,3,3,3,3,3,3,3,3,3,3,3,3,3,3,3,3,3,,,,,
Cody,Bear Branch Sportsfield Park,Main,2021-05-20 17:03,57,3,2,3,3,3,4,3,2,4,3,2,4,3,5,2,3,3,5,3,,,,,
Henning,Bear Branch Sportsfield Park,Main,2021-05-20 17:03,55,1,2,2,3,3,4,3,2,2,3,3,4,3,7,2,3,3,3,3,,,,,
Mears,Bear Branch Sportsfield Park,Main,2021-05-20 17:03,55,1,5,3,3,3,3,3,4,2,3,3,4,3,3,2,3,3,3,2,,,,,
Jason D.,Bear Branch Sportsfield Park,Main,2021-05-20 17:03,60,6,4,2,2,3,5,4,3,4,3,2,4,3,5,3,3,3,4,3,,,,,
Alex,Bear Branch Sportsfield Park,Main,2021-05-20 17:03,66,12,3,3,4,3,4,4,4,3,5,3,4,4,4,4,3,4,4,3,,,,,
Par,T.C. Jester Park,Full 21 - White Tees,2021-05-16 08:30,63,,3,3,3,3,3,3,3,3,3,3,3,3,3,3,3,3,3,3,3,3,3,,
Cody,T.C. Jester Park,Full 21 - White Tees,2021-05-16 08:30,65,2,3,3,2,3,3,3,4,3,3,2,4,3,5,3,3,3,3,3,3,2,4,,
Henning,T.C. Jester Park,Full 21 - White Tees,2021-05-16 08:30,63,0,3,3,3,2,3,3,4,4,3,3,2,3,4,3,2,3,3,4,3,2,3,,
Alex,T.C. Jester Park,Full 21 - White Tees,2021-05-16 08:30,75,12,3,3,3,3,6,3,3,4,3,3,4,3,5,4,3,3,4,4,4,3,4,,
Par,Terramont Park,Main,2021-05-15 09:11,27,,3,3,3,3,3,3,3,3,3,,,,,,,,,,,,,,
Cody,Terramont Park,Main,2021-05-15 09:11,33,6,3,3,3,3,4,5,5,4,3,,,,,,,,,,,,,,
Henning,Terramont Park,Main,2021-05-15 09:11,30,3,3,4,3,2,3,5,3,4,3,,,,,,,,,,,,,,
Mears,Terramont Park,Main,2021-05-15 09:11,31,4,3,3,4,4,3,3,3,5,3,,,,,,,,,,,,,,
BurtRuckus,Terramont Park,Main,2021-05-15 09:11,42,15,4,4,5,4,5,7,5,5,3,,,,,,,,,,,,,,
Par,Terramont Park,Main,2021-05-15 08:12,27,,3,3,3,3,3,3,3,3,3,,,,,,,,,,,,,,
Cody,Terramont Park,Main,2021-05-15 08:12,29,2,2,3,3,3,4,3,5,3,3,,,,,,,,,,,,,,
Henning,Terramont Park,Main,2021-05-15 08:12,29,2,3,3,3,3,3,4,3,4,3,,,,,,,,,,,,,,
Mears,Terramont Park,Main,2021-05-15 08:12,32,5,2,3,4,3,4,4,5,4,3,,,,,,,,,,,,,,
BurtRuckus,Terramont Park,Main,2021-05-15 08:12,39,12,4,5,4,4,3,5,5,6,3,,,,,,,,,,,,,,
Par,Bear Branch Sportsfield Park,Main,2021-05-14 17:32,54,,3,3,3,3,3,3,3,3,3,3,3,3,3,3,3,3,3,3,,,,,
Cody,Bear Branch Sportsfield Park,Main,2021-05-14 17:32,60,6,3,4,3,4,4,3,2,3,3,4,4,4,4,2,3,3,3,4,,,,,
Henning,Bear Branch Sportsfield Park,Main,2021-05-14 17:32,56,2,2,2,2,3,3,3,4,3,3,3,5,3,4,3,4,2,4,3,,,,,
Killamon Daru,Bear Branch Sportsfield Park,Main,2021-05-14 17:32,57,3,3,5,3,3,4,3,3,3,3,3,3,4,3,2,3,3,3,3,,,,,
Mears,Bear Branch Sportsfield Park,Main,2021-05-14 17:32,59,5,3,2,5,3,4,3,3,3,3,3,4,4,4,3,4,3,2,3,,,,,
Alex,Bear Branch Sportsfield Park,Main,2021-05-14 17:32,68,14,5,3,4,2,4,4,3,3,3,4,4,4,4,2,4,4,3,8,,,,,
Jason D.,Bear Branch Sportsfield Park,Main,2021-05-14 17:32,60,6,3,3,3,3,3,4,3,3,3,4,4,3,4,3,4,3,4,3,,,,,
BurtRuckus,Bear Branch Sportsfield Park,Main,2021-05-14 17:32,75,21,4,5,3,3,4,4,2,3,6,4,4,6,5,5,3,5,5,4,,,,,
Par,Bear Branch Sportsfield Park,Main,2021-05-09 15:13,54,,3,3,3,3,3,3,3,3,3,3,3,3,3,3,3,3,3,3,,,,,
Henning,Bear Branch Sportsfield Park,Main,2021-05-09 15:13,58,4,3,2,3,3,5,5,3,2,3,2,3,4,4,3,3,3,4,3,,,,,
Alex,Bear Branch Sportsfield Park,Main,2021-05-09 15:13,66,12,3,3,4,4,4,5,3,3,5,3,4,4,4,3,3,4,3,4,,,,,
Jeff,Bear Branch Sportsfield Park,Main,2021-05-09 15:13,61,7,4,3,3,3,4,3,3,3,3,3,3,4,5,2,3,4,4,4,,,,,
Par,T.C. Jester Park,Full 21 - White Tees,2021-05-07 17:11,63,,3,3,3,3,3,3,3,3,3,3,3,3,3,3,3,3,3,3,3,3,3,,
Henning,T.C. Jester Park,Full 21 - White Tees,2021-05-07 17:11,63,0,4,2,4,3,3,3,4,3,2,3,3,3,3,3,3,3,3,3,3,3,2,,
Cody,T.C. Jester Park,Full 21 - White Tees,2021-05-07 17:11,69,6,4,3,3,3,3,3,3,4,4,2,4,3,4,3,3,3,3,4,3,4,3,,
Killamon Daru,T.C. Jester Park,Full 21 - White Tees,2021-05-07 17:11,67,4,4,3,3,3,2,2,3,5,2,4,4,3,4,5,4,2,3,3,2,3,3,,
Alex,T.C. Jester Park,Full 21 - White Tees,2021-05-07 17:11,70,7,3,3,3,3,3,3,4,4,3,3,3,3,3,3,5,4,4,4,3,3,3,,
Par,Bear Branch Sportsfield Park,Main,2021-05-06 17:04,54,,3,3,3,3,3,3,3,3,3,3,3,3,3,3,3,3,3,3,,,,,
Cody,Bear Branch Sportsfield Park,Main,2021-05-06 17:04,57,3,3,2,4,3,4,4,3,2,2,3,3,4,4,3,3,3,3,4,,,,,
Henning,Bear Branch Sportsfield Park,Main,2021-05-06 17:04,61,7,4,2,5,3,2,4,3,2,2,4,4,3,4,4,2,6,4,3,,,,,
Alex,Bear Branch Sportsfield Park,Main,2021-05-06 17:04,65,11,4,3,4,3,4,4,4,3,3,4,4,3,5,3,3,4,4,3,,,,,
BurtRuckus,Bear Branch Sportsfield Park,Main,2021-05-06 17:04,72,18,3,3,5,4,6,5,3,4,4,3,4,4,5,3,5,4,4,3,,,,,
Par,Bear Branch Sportsfield Park,Main,2021-05-05 17:04,54,,3,3,3,3,3,3,3,3,3,3,3,3,3,3,3,3,3,3,,,,,
Cody,Bear Branch Sportsfield Park,Main,2021-05-05 17:04,56,2,3,3,3,3,3,4,3,3,4,3,3,5,3,2,3,3,2,3,,,,,
Henning,Bear Branch Sportsfield Park,Main,2021-05-05 17:04,57,3,3,2,3,4,2,3,3,3,3,3,5,4,3,4,4,3,3,2,,,,,
Killamon Daru,Bear Branch Sportsfield Park,Main,2021-05-05 17:04,57,3,5,2,4,3,4,3,2,3,4,2,4,4,3,2,3,3,4,2,,,,,
Alex,Bear Branch Sportsfield Park,Main,2021-05-05 17:04,62,8,4,3,3,3,5,3,3,3,3,3,3,5,4,4,2,4,3,4,,,,,
Par,Bear Branch Sportsfield Park,Main,2021-05-03 16:12,54,,3,3,3,3,3,3,3,3,3,3,3,3,3,3,3,3,3,3,,,,,
Cody,Bear Branch Sportsfield Park,Main,2021-05-03 16:12,60,6,3,2,4,3,4,4,3,3,3,3,4,5,4,2,3,4,3,3,,,,,
Henning,Bear Branch Sportsfield Park,Main,2021-05-03 16:12,56,2,2,3,5,2,4,3,3,3,3,2,3,3,4,2,5,3,3,3,,,,,
Killamon Daru,Bear Branch Sportsfield Park,Main,2021-05-03 16:12,55,1,4,2,2,2,5,4,3,3,3,2,3,5,4,2,2,3,3,3,,,,,
Alex,Bear Branch Sportsfield Park,Main,2021-05-03 16:12,67,13,4,3,4,4,5,4,3,3,3,4,3,4,5,2,3,4,4,5,,,,,
Jeff,Bear Branch Sportsfield Park,Main,2021-05-03 16:12,63,9,4,3,3,3,4,4,2,4,3,3,4,3,4,4,4,3,4,4,,,,,
Par,Bear Branch Sportsfield Park,Main,2021-04-29 16:52,54,,3,3,3,3,3,3,3,3,3,3,3,3,3,3,3,3,3,3,,,,,
Cody,Bear Branch Sportsfield Park,Main,2021-04-29 16:52,56,2,2,3,3,4,3,5,2,3,3,4,3,4,4,2,2,4,3,2,,,,,
Henning,Bear Branch Sportsfield Park,Main,2021-04-29 16:52,58,4,2,3,4,3,5,3,2,3,6,3,4,3,4,2,2,3,3,3,,,,,
Killamon Daru,Bear Branch Sportsfield Park,Main,2021-04-29 16:52,55,1,3,3,3,3,4,3,2,3,2,4,3,4,4,3,2,4,3,2,,,,,
Mears,Bear Branch Sportsfield Park,Main,2021-04-29 16:52,63,9,3,3,3,3,4,6,3,3,4,4,3,3,5,3,3,3,4,3,,,,,
Alex,Bear Branch Sportsfield Park,Main,2021-04-29 16:52,67,13,4,3,4,4,4,4,2,3,5,4,4,5,4,2,3,3,4,5,,,,,
Jason D.,Bear Branch Sportsfield Park,Main,2021-04-29 16:52,56,2,3,4,3,3,4,4,4,3,3,3,4,3,3,1,2,3,3,3,,,,,
Par,Bear Branch Sportsfield Park,Main,2021-04-28 17:13,54,,3,3,3,3,3,3,3,3,3,3,3,3,3,3,3,3,3,3,,,,,
Cody,Bear Branch Sportsfield Park,Main,2021-04-28 17:13,56,2,4,4,2,2,3,3,4,3,3,4,5,3,3,3,3,2,2,3,,,,,
Henning,Bear Branch Sportsfield Park,Main,2021-04-28 17:13,54,0,3,3,3,3,4,4,2,2,2,3,4,3,3,3,2,4,4,2,,,,,
Mears,Bear Branch Sportsfield Park,Main,2021-04-28 17:13,64,10,3,4,3,4,5,3,3,3,3,4,5,4,3,3,3,4,4,3,,,,,
Par,Bear Branch Sportsfield Park,Main,2021-04-26 17:31,54,,3,3,3,3,3,3,3,3,3,3,3,3,3,3,3,3,3,3,,,,,
Henning,Bear Branch Sportsfield Park,Main,2021-04-26 17:31,54,0,2,3,4,3,4,3,2,2,2,3,3,3,3,4,4,2,4,3,,,,,
Par,Bear Branch Sportsfield Park,Main,2021-04-25 13:05,54,,3,3,3,3,3,3,3,3,3,3,3,3,3,3,3,3,3,3,,,,,
Cody,Bear Branch Sportsfield Park,Main,2021-04-25 13:05,59,5,3,3,2,4,4,4,3,2,3,4,4,5,4,2,2,4,3,3,,,,,
Henning,Bear Branch Sportsfield Park,Main,2021-04-25 13:05,57,3,3,2,3,3,3,5,3,2,2,3,4,3,5,3,3,4,3,3,,,,,
Mears,Bear Branch Sportsfield Park,Main,2021-04-25 13:05,53,-1,3,3,4,3,3,4,2,2,4,2,3,3,4,3,3,2,3,2,,,,,
Alex,Bear Branch Sportsfield Park,Main,2021-04-25 13:05,63,9,5,3,3,3,5,4,3,3,4,3,5,3,4,2,3,4,3,3,,,,,
BurtRuckus,Bear Branch Sportsfield Park,Main,2021-04-25 13:05,65,11,4,3,3,3,5,4,2,3,4,4,5,4,4,3,3,4,4,3,,,,,
Par,T.C. Jester Park,Full 21 - White Tees,2021-04-21 16:53,63,,3,3,3,3,3,3,3,3,3,3,3,3,3,3,3,3,3,3,3,3,3,,
Cody,T.C. Jester Park,Full 21 - White Tees,2021-04-21 16:53,64,1,4,3,3,2,4,3,3,4,3,3,3,3,3,2,3,2,4,3,3,3,3,,
Henning,T.C. Jester Park,Full 21 - White Tees,2021-04-21 16:53,64,1,4,3,3,3,2,3,3,4,2,3,3,3,3,3,3,4,4,3,3,2,3,,
Alex,T.C. Jester Park,Full 21 - White Tees,2021-04-21 16:53,78,15,3,4,4,3,3,4,3,5,3,3,3,5,4,3,3,3,4,5,4,4,5,,
BurtRuckus,T.C. Jester Park,Full 21 - White Tees,2021-04-21 16:53,78,15,4,4,3,3,5,3,3,5,3,4,4,3,4,4,4,3,4,4,4,3,4,,
Par,T.C. Jester Park,Full 21 - White Tees,2021-04-17 08:39,63,,3,3,3,3,3,3,3,3,3,3,3,3,3,3,3,3,3,3,3,3,3,,
Cody,T.C. Jester Park,Full 21 - White Tees,2021-04-17 08:39,73,10,4,4,4,3,3,3,4,4,3,3,3,4,4,3,3,3,3,4,4,3,4,,
Henning,T.C. Jester Park,Full 21 - White Tees,2021-04-17 08:39,66,3,3,4,3,4,2,2,3,3,3,3,3,4,3,4,3,3,3,3,3,4,3,,
Alex,T.C. Jester Park,Full 21 - White Tees,2021-04-17 08:39,85,22,5,4,5,5,6,4,5,5,3,3,5,5,4,3,3,3,3,4,3,3,4,,
Par,Bear Branch Sportsfield Park,Main,2021-04-15 17:24,54,,3,3,3,3,3,3,3,3,3,3,3,3,3,3,3,3,3,3,,,,,
Henning,Bear Branch Sportsfield Park,Main,2021-04-15 17:24,56,2,2,2,3,4,5,3,4,3,2,3,3,3,5,3,4,2,3,2,,,,,
Par,Bear Branch Sportsfield Park,Main,2021-04-12 17:16,54,,3,3,3,3,3,3,3,3,3,3,3,3,3,3,3,3,3,3,,,,,
Cody,Bear Branch Sportsfield Park,Main,2021-04-12 17:16,64,10,4,3,4,4,5,5,3,3,4,2,4,5,3,3,3,4,3,2,,,,,
Henning,Bear Branch Sportsfield Park,Main,2021-04-12 17:16,55,1,3,3,3,3,2,5,3,2,2,3,4,3,4,2,3,4,3,3,,,,,
Par,Zube Park DGC,Blue Tees (Main),2021-04-10 08:01,55,,3,3,3,3,3,3,3,3,3,3,4,3,3,3,3,3,3,3,,,,,
Cody,Zube Park DGC,Blue Tees (Main),2021-04-10 08:01,59,4,2,3,4,3,3,2,3,3,4,3,6,3,3,4,3,3,3,4,,,,,
Henning,Zube Park DGC,Blue Tees (Main),2021-04-10 08:01,60,5,6,4,3,4,3,3,3,2,3,2,5,3,3,3,4,3,3,3,,,,,
Mears,Zube Park DGC,Blue Tees (Main),2021-04-10 08:01,59,4,2,3,4,3,3,4,2,3,3,4,5,4,2,4,2,3,3,5,,,,,
Joseph,Zube Park DGC,Blue Tees (Main),2021-04-10 08:01,61,6,3,3,5,3,3,3,2,4,3,3,5,4,3,3,4,3,4,3,,,,,
Par,Bear Branch Sportsfield Park,Main,2021-04-09 17:03,54,,3,3,3,3,3,3,3,3,3,3,3,3,3,3,3,3,3,3,,,,,
Cody,Bear Branch Sportsfield Park,Main,2021-04-09 17:03,58,4,3,3,5,4,3,3,2,3,4,3,4,3,4,3,3,3,3,2,,,,,
Henning,Bear Branch Sportsfield Park,Main,2021-04-09 17:03,57,3,3,3,4,2,3,3,3,2,2,3,6,4,6,2,4,2,3,2,,,,,
Par,Bear Branch Sportsfield Park,Main,2021-04-08 16:59,54,,3,3,3,3,3,3,3,3,3,3,3,3,3,3,3,3,3,3,,,,,
Cody,Bear Branch Sportsfield Park,Main,2021-04-08 16:59,59,5,3,2,3,3,4,5,3,2,5,4,4,3,3,2,3,3,3,4,,,,,
Henning,Bear Branch Sportsfield Park,Main,2021-04-08 16:59,54,0,3,5,3,4,3,3,2,2,4,3,3,3,2,2,2,3,4,3,,,,,
Mears,Bear Branch Sportsfield Park,Main,2021-04-08 16:59,62,8,4,3,3,3,4,3,3,4,4,2,3,3,3,4,4,5,4,3,,,,,
Jason D.,Bear Branch Sportsfield Park,Main,2021-04-08 16:59,50,11,3,5,3,3,4,3,4,4,4,4,5,4,4,0,0,0,0,0,,,,,
Par,Northside Christian Church,Main,2021-04-03 12:04,57,,4,3,3,3,3,3,3,3,3,3,3,3,3,4,3,3,3,4,,,,,
Cody,Northside Christian Church,Main,2021-04-03 12:04,74,17,8,4,5,3,3,3,3,3,4,5,3,5,3,5,4,3,3,7,,,,,
Henning,Northside Christian Church,Main,2021-04-03 12:04,70,13,7,4,5,3,5,3,2,4,4,3,4,4,4,4,4,2,3,5,,,,,
Alex,Northside Christian Church,Main,2021-04-03 12:04,75,18,7,5,4,4,2,3,4,4,4,3,3,4,5,5,4,3,4,7,,,,,
Jason D.,Northside Christian Church,Main,2021-04-03 12:04,70,13,7,3,3,4,3,3,4,4,4,4,4,3,4,4,4,2,3,7,,,,,
Par,Bear Branch Sportsfield Park,Main,2021-04-02 16:53,54,,3,3,3,3,3,3,3,3,3,3,3,3,3,3,3,3,3,3,,,,,
Cody,Bear Branch Sportsfield Park,Main,2021-04-02 16:53,61,7,4,3,3,4,5,4,2,3,3,2,4,4,4,2,3,4,4,3,,,,,
Henning,Bear Branch Sportsfield Park,Main,2021-04-02 16:53,57,3,3,3,4,2,3,4,3,2,4,2,3,4,4,3,3,2,4,4,,,,,
Mears,Bear Branch Sportsfield Park,Main,2021-04-02 16:53,56,2,2,3,3,3,4,3,2,2,3,3,4,5,3,2,3,4,4,3,,,,,
Alex,Bear Branch Sportsfield Park,Main,2021-04-02 16:53,62,8,3,3,3,3,3,4,3,4,3,3,5,4,5,2,4,4,3,3,,,,,
Jason D.,Bear Branch Sportsfield Park,Main,2021-04-02 16:53,58,4,3,4,4,3,3,3,3,2,3,2,3,4,4,4,3,4,3,3,,,,,
Par,Bear Branch Sportsfield Park,Main,2021-04-01 17:03,54,,3,3,3,3,3,3,3,3,3,3,3,3,3,3,3,3,3,3,,,,,
Cody,Bear Branch Sportsfield Park,Main,2021-04-01 17:03,60,6,4,3,2,2,5,4,3,3,3,3,3,3,5,3,3,4,4,3,,,,,
Henning,Bear Branch Sportsfield Park,Main,2021-04-01 17:03,60,6,3,2,4,2,3,4,3,2,3,4,4,4,5,3,4,3,4,3,,,,,
Mears,Bear Branch Sportsfield Park,Main,2021-04-01 17:03,55,1,3,3,3,3,3,4,3,2,3,3,4,3,3,2,3,3,3,4,,,,,
Jason D.,Bear Branch Sportsfield Park,Main,2021-04-01 17:03,62,8,3,3,4,4,4,4,5,4,3,3,3,4,3,2,4,3,3,3,,,,,
BurtRuckus,Bear Branch Sportsfield Park,Main,2021-04-01 17:03,71,17,3,5,4,3,4,4,3,3,5,4,5,4,5,4,4,3,4,4,,,,,
Par,Zube Park DGC,Blue Tees (Main),2021-03-27 08:10,55,,3,3,3,3,3,3,3,3,3,3,4,3,3,3,3,3,3,3,,,,,
Cody,Zube Park DGC,Blue Tees (Main),2021-03-27 08:10,57,2,3,4,4,3,3,3,2,3,3,3,5,4,3,3,2,3,3,3,,,,,
Henning,Zube Park DGC,Blue Tees (Main),2021-03-27 08:10,56,1,3,3,4,4,3,3,2,3,3,3,4,2,4,3,3,3,3,3,,,,,
Mears,Zube Park DGC,Blue Tees (Main),2021-03-27 08:10,54,-1,3,3,4,2,3,3,3,3,2,2,4,4,3,3,3,2,3,4,,,,,
Alex,Zube Park DGC,Blue Tees (Main),2021-03-27 08:10,66,11,3,4,4,3,4,4,3,2,4,4,8,4,3,4,3,3,3,3,,,,,
Par,Bear Branch Sportsfield Park,Main,2021-03-26 17:20,54,,3,3,3,3,3,3,3,3,3,3,3,3,3,3,3,3,3,3,,,,,
Henning,Bear Branch Sportsfield Park,Main,2021-03-26 17:20,51,-3,3,2,4,3,3,3,4,2,3,3,3,3,2,2,3,3,3,2,,,,,
Mears,Bear Branch Sportsfield Park,Main,2021-03-26 17:20,55,1,3,4,3,3,3,4,3,2,2,4,3,3,3,3,3,3,3,3,,,,,
Alex,Bear Branch Sportsfield Park,Main,2021-03-26 17:20,68,14,3,4,4,3,5,5,2,3,3,7,5,3,5,2,3,4,4,3,,,,,
Jason D.,Bear Branch Sportsfield Park,Main,2021-03-26 17:20,58,4,3,2,4,3,3,4,2,3,3,3,4,3,4,3,3,4,3,4,,,,,
BurtRuckus,Bear Branch Sportsfield Park,Main,2021-03-26 17:20,75,21,5,3,5,3,7,5,4,4,3,3,4,4,6,3,4,4,4,4,,,,,
Par,Bear Branch Sportsfield Park,Main,2021-03-23 16:50,54,,3,3,3,3,3,3,3,3,3,3,3,3,3,3,3,3,3,3,,,,,
Cody,Bear Branch Sportsfield Park,Main,2021-03-23 16:50,58,4,3,4,4,3,4,4,2,3,3,3,2,4,4,3,2,3,4,3,,,,,
Killamon Daru,Bear Branch Sportsfield Park,Main,2021-03-23 16:50,62,8,4,3,3,3,4,3,3,4,3,3,4,4,3,2,4,4,4,4,,,,,
Henning,Bear Branch Sportsfield Park,Main,2021-03-23 16:50,63,9,4,4,5,4,4,4,3,4,3,3,4,4,3,2,3,3,3,3,,,,,
Mears,Bear Branch Sportsfield Park,Main,2021-03-23 16:50,60,6,5,3,3,4,3,3,3,3,3,3,4,5,3,3,3,4,2,3,,,,,
Alex,Bear Branch Sportsfield Park,Main,2021-03-23 16:50,72,18,5,4,3,4,5,4,5,4,3,3,6,4,5,2,3,6,3,3,,,,,
Par,Bear Branch Sportsfield Park,Main,2021-03-21 17:45,54,,3,3,3,3,3,3,3,3,3,3,3,3,3,3,3,3,3,3,,,,,
Henning,Bear Branch Sportsfield Park,Main,2021-03-21 17:45,56,2,2,2,4,3,3,4,2,3,4,3,3,4,3,3,3,3,4,3,,,,,
Jason D.,Bear Branch Sportsfield Park,Main,2021-03-21 17:45,63,9,3,3,3,3,5,4,3,3,3,3,4,5,4,4,2,4,3,4,,,,,
Par,Bear Branch Sportsfield Park,Main,2021-03-20 11:46,54,,3,3,3,3,3,3,3,3,3,3,3,3,3,3,3,3,3,3,,,,,
Cody,Bear Branch Sportsfield Park,Main,2021-03-20 11:46,60,6,3,3,4,3,4,4,3,3,3,3,4,3,3,3,3,6,3,2,,,,,
Henning,Bear Branch Sportsfield Park,Main,2021-03-20 11:46,59,5,5,2,4,3,3,3,3,4,3,4,4,3,5,2,3,3,3,2,,,,,
Alex,Bear Branch Sportsfield Park,Main,2021-03-20 11:46,73,19,4,4,4,4,3,5,4,4,3,4,5,4,5,4,3,5,4,4,,,,,
Jason D.,Bear Branch Sportsfield Park,Main,2021-03-20 11:46,65,11,3,3,4,3,4,5,3,4,4,4,4,4,4,2,3,4,4,3,,,,,
Par,McDade Park,New McDade,2021-03-20 08:23,56,,3,3,3,3,3,3,3,3,3,3,4,3,3,3,3,4,3,3,,,,,
Cody,McDade Park,New McDade,2021-03-20 08:23,68,12,3,3,5,5,3,4,3,6,3,3,5,3,3,4,3,4,4,4,,,,,
Henning,McDade Park,New McDade,2021-03-20 08:23,61,5,5,3,3,3,3,4,3,4,3,3,5,3,3,3,4,5,2,2,,,,,
Mears,McDade Park,New McDade,2021-03-20 08:23,63,7,4,3,5,3,3,4,3,4,2,3,4,3,3,4,4,4,4,3,,,,,
Alex,McDade Park,New McDade,2021-03-20 08:23,85,29,4,4,5,4,4,5,5,6,4,3,8,4,4,5,5,6,4,5,,,,,
Jason D.,McDade Park,New McDade,2021-03-20 08:23,72,16,4,4,4,4,4,4,4,5,3,3,4,3,4,6,4,4,4,4,,,,,
Par,Bear Branch Sportsfield Park,Main,2021-03-18 16:35,54,,3,3,3,3,3,3,3,3,3,3,3,3,3,3,3,3,3,3,,,,,
Cody,Bear Branch Sportsfield Park,Main,2021-03-18 16:35,56,2,2,3,5,3,3,3,3,3,3,4,3,3,3,3,3,4,3,2,,,,,
Killamon Daru,Bear Branch Sportsfield Park,Main,2021-03-18 16:35,61,7,3,3,4,4,4,4,4,3,3,3,5,4,3,3,3,4,2,2,,,,,
Henning,Bear Branch Sportsfield Park,Main,2021-03-18 16:35,61,7,2,4,3,3,3,4,5,4,3,3,3,4,3,2,3,5,4,3,,,,,
Mears,Bear Branch Sportsfield Park,Main,2021-03-18 16:35,59,5,4,3,3,3,4,4,3,2,3,3,4,3,4,3,3,3,4,3,,,,,
Par,Bear Branch Sportsfield Park,Main,2021-03-17 16:36,54,,3,3,3,3,3,3,3,3,3,3,3,3,3,3,3,3,3,3,,,,,
Cody,Bear Branch Sportsfield Park,Main,2021-03-17 16:36,61,7,3,2,6,3,4,4,3,3,2,3,4,5,4,3,3,4,2,3,,,,,
Henning,Bear Branch Sportsfield Park,Main,2021-03-17 16:36,65,11,4,3,3,3,4,4,4,3,4,4,4,5,4,3,4,3,3,3,,,,,
Mears,Bear Branch Sportsfield Park,Main,2021-03-17 16:36,57,3,2,3,4,3,4,3,2,3,3,3,4,4,5,3,3,3,2,3,,,,,
Par,Zube Park DGC,Blue Tees (Main),2021-03-13 09:08,55,,3,3,3,3,3,3,3,3,3,3,4,3,3,3,3,3,3,3,,,,,
Cody,Zube Park DGC,Blue Tees (Main),2021-03-13 09:08,56,1,4,3,4,3,3,2,3,3,3,3,5,4,2,3,3,2,2,4,,,,,
Killamon Daru,Zube Park DGC,Blue Tees (Main),2021-03-13 09:08,60,5,3,3,4,2,3,3,3,4,3,3,4,4,3,4,3,4,3,4,,,,,
Henning,Zube Park DGC,Blue Tees (Main),2021-03-13 09:08,55,0,3,4,4,3,2,3,2,3,3,3,4,4,2,4,3,3,2,3,,,,,
Mears,Zube Park DGC,Blue Tees (Main),2021-03-13 09:08,57,2,3,4,4,3,3,3,3,3,2,3,4,3,3,4,3,2,3,4,,,,,
Alex,Zube Park DGC,Blue Tees (Main),2021-03-13 09:08,62,7,3,3,7,3,3,2,4,3,4,4,5,4,3,4,2,3,2,3,,,,,
Aaron Christian,Zube Park DGC,Blue Tees (Main),2021-03-13 09:08,52,-3,3,3,3,3,3,2,2,3,2,3,4,3,2,3,3,3,3,4,,,,,
Par,Bear Branch Sportsfield Park,Main,2021-03-10 16:38,54,,3,3,3,3,3,3,3,3,3,3,3,3,3,3,3,3,3,3,,,,,
Cody + Alex,Bear Branch Sportsfield Park,Main,2021-03-10 16:38,53,-1,3,2,3,3,4,4,3,2,3,3,3,3,3,3,2,3,3,3,,,,,
Henning + Aaron Christian,Bear Branch Sportsfield Park,Main,2021-03-10 16:38,51,-3,2,3,3,2,3,3,3,3,3,3,3,3,4,3,2,3,3,2,,,,,
Mears + Killamon Daru,Bear Branch Sportsfield Park,Main,2021-03-10 16:38,50,-4,2,3,3,2,4,3,2,3,2,3,3,4,4,3,2,2,3,2,,,,,
Par,Shawshank Disc Golf Penitentiary,Main,2021-02-27 09:27,72,,3,3,3,3,3,3,4,3,4,3,3,3,3,3,4,3,3,3,3,3,3,3,3
Discer + Alex,Shawshank Disc Golf Penitentiary,Main,2021-02-27 09:27,79,7,3,2,3,4,3,3,5,3,5,4,3,3,3,2,5,3,3,4,4,4,3,3,4
Aaron Christian + Mears,Shawshank Disc Golf Penitentiary,Main,2021-02-27 09:27,72,0,2,3,3,3,3,3,5,3,3,4,2,3,4,3,3,3,4,4,3,3,2,2,4
Cody,Shawshank Disc Golf Penitentiary,Main,2021-02-27 09:27,77,5,3,3,4,4,3,3,5,4,3,4,3,3,3,3,5,3,3,4,3,3,3,3,2
Henning + Killamon Daru,Shawshank Disc Golf Penitentiary,Main,2021-02-27 09:27,80,8,4,3,3,3,3,3,4,3,4,3,3,3,5,2,4,3,4,4,4,4,4,3,4
Par,Bear Branch Sportsfield Park,Main,2021-02-26 17:04,54,,3,3,3,3,3,3,3,3,3,3,3,3,3,3,3,3,3,3,,,,,
Cody,Bear Branch Sportsfield Park,Main,2021-02-26 17:04,57,3,4,2,2,3,4,4,2,4,3,3,4,4,3,2,3,3,3,4,,,,,
Henning,Bear Branch Sportsfield Park,Main,2021-02-26 17:04,63,9,2,3,4,5,5,4,3,2,2,3,3,5,5,4,3,4,3,3,,,,,
Mears,Bear Branch Sportsfield Park,Main,2021-02-26 17:04,57,3,3,4,4,3,3,3,3,3,3,2,3,3,3,4,3,4,3,3,,,,,
Par,McDade Park,New McDade,2021-02-20 12:34,56,,3,3,3,3,3,3,3,3,3,3,4,3,3,3,3,4,3,3,,,,,
Killamon Daru + Alex,McDade Park,New McDade,2021-02-20 12:34,61,5,3,4,4,4,3,4,3,3,3,3,4,3,3,4,3,4,2,4,,,,,
Aaron Christian,McDade Park,New McDade,2021-02-20 12:34,48,-8,2,2,3,3,2,3,2,3,2,2,4,3,3,3,3,3,2,3,,,,,
Mears + Lee,McDade Park,New McDade,2021-02-20 12:34,59,3,3,4,3,3,3,3,3,3,3,3,5,3,3,3,3,4,3,4,,,,,
Henning + Cody,McDade Park,New McDade,2021-02-20 12:34,58,2,3,3,3,4,3,3,3,4,3,2,5,3,3,3,3,4,3,3,,,,,
Par,McDade Park,New McDade,2021-02-20 09:04,56,,3,3,3,3,3,3,3,3,3,3,4,3,3,3,3,4,3,3,,,,,
Alex + Mears,McDade Park,New McDade,2021-02-20 09:04,58,2,3,2,3,4,3,4,4,3,2,3,4,3,3,3,4,4,2,4,,,,,
Henning,McDade Park,New McDade,2021-02-20 09:04,55,-1,3,3,3,3,3,3,2,4,2,3,5,3,3,3,3,4,2,3,,,,,
Killamon Daru + BurtRuckus,McDade Park,New McDade,2021-02-20 09:04,71,15,3,4,4,4,5,4,5,4,3,2,5,4,4,5,5,4,3,3,,,,,
Cody + Jason D.,McDade Park,New McDade,2021-02-20 09:04,60,4,4,3,4,4,4,4,3,2,3,3,4,3,3,4,3,4,2,3,,,,,
Par,Bear Branch Sportsfield Park,Main,2021-02-15 16:12,54,,3,3,3,3,3,3,3,3,3,3,3,3,3,3,3,3,3,3,,,,,
Cody,Bear Branch Sportsfield Park,Main,2021-02-15 16:12,70,16,5,3,3,4,4,4,4,4,3,4,4,5,5,3,3,5,3,4,,,,,
Killamon Daru,Bear Branch Sportsfield Park,Main,2021-02-15 16:12,60,6,3,3,2,4,3,3,4,4,3,3,4,4,4,3,3,4,3,3,,,,,
Henning,Bear Branch Sportsfield Park,Main,2021-02-15 16:12,60,6,3,3,3,3,3,3,3,3,2,4,5,4,6,3,3,3,3,3,,,,,
Mears,Bear Branch Sportsfield Park,Main,2021-02-15 16:12,64,10,3,3,4,3,3,4,4,4,4,3,4,5,4,3,3,4,3,3,,,,,
Par,Bear Branch Sportsfield Park,Main,2021-02-13 10:17,54,,3,3,3,3,3,3,3,3,3,3,3,3,3,3,3,3,3,3,,,,,
Cody,Bear Branch Sportsfield Park,Main,2021-02-13 10:17,66,12,3,3,4,3,5,4,3,3,4,4,4,5,4,2,3,5,3,4,,,,,
Henning,Bear Branch Sportsfield Park,Main,2021-02-13 10:17,63,9,4,3,4,3,4,3,6,3,2,3,3,4,3,3,3,5,4,3,,,,,
Mears,Bear Branch Sportsfield Park,Main,2021-02-13 10:17,63,9,3,3,3,3,4,4,3,3,3,4,5,4,4,4,3,4,3,3,,,,,
Par,Bear Branch Sportsfield Park,Main,2021-02-13 08:29,54,,3,3,3,3,3,3,3,3,3,3,3,3,3,3,3,3,3,3,,,,,
Cody,Bear Branch Sportsfield Park,Main,2021-02-13 08:29,62,8,3,3,3,3,5,4,3,4,2,3,3,4,4,3,5,4,3,3,,,,,
Henning,Bear Branch Sportsfield Park,Main,2021-02-13 08:29,65,11,5,2,4,3,6,3,4,3,3,3,4,5,5,3,3,3,3,3,,,,,
Mears,Bear Branch Sportsfield Park,Main,2021-02-13 08:29,61,7,4,2,3,3,4,4,3,3,3,3,4,4,4,3,3,3,4,4,,,,,
Par,Bear Branch Sportsfield Park,Main,2021-01-30 10:17,54,,3,3,3,3,3,3,3,3,3,3,3,3,3,3,3,3,3,3,,,,,
Killamon Daru + Joseph,Bear Branch Sportsfield Park,Main,2021-01-30 10:17,50,-4,2,2,3,2,4,4,2,3,3,3,3,3,2,2,3,3,3,3,,,,,
Mears + Henning,Bear Branch Sportsfield Park,Main,2021-01-30 10:17,53,-1,3,2,3,3,3,3,2,3,3,3,3,4,4,2,3,3,3,3,,,,,
Discer + Cody,Bear Branch Sportsfield Park,Main,2021-01-30 10:17,50,-4,2,3,4,3,3,3,2,2,2,3,2,4,2,2,3,3,4,3,,,,,
Par,Bear Branch Sportsfield Park,Main,2021-01-30 08:08,54,,3,3,3,3,3,3,3,3,3,3,3,3,3,3,3,3,3,3,,,,,
Killamon Daru + Cody,Bear Branch Sportsfield Park,Main,2021-01-30 08:08,49,-5,4,2,3,2,3,3,3,3,3,2,3,3,4,2,2,2,3,2,,,,,
Joseph + Mears,Bear Branch Sportsfield Park,Main,2021-01-30 08:08,54,0,4,3,4,2,3,4,2,3,2,3,4,4,3,2,3,3,3,2,,,,,
Henning + BurtRuckus,Bear Branch Sportsfield Park,Main,2021-01-30 08:08,52,-2,2,2,3,3,4,4,3,3,2,3,3,3,3,3,3,3,3,2,,,,,
Par,Shawshank Disc Golf Penitentiary,Main,2021-01-23 10:32,72,,3,3,3,3,3,3,4,3,4,3,3,3,3,3,4,3,3,3,3,3,3,3,3
Cody + Jason D.,Shawshank Disc Golf Penitentiary,Main,2021-01-23 10:32,79,7,4,3,3,3,4,4,6,4,4,4,3,4,2,3,4,3,3,3,3,3,3,3,3
Alex + Killamon Daru,Shawshank Disc Golf Penitentiary,Main,2021-01-23 10:32,77,5,3,4,3,3,3,4,5,3,4,4,3,3,3,3,4,3,3,3,5,3,3,2,3
Mears + Henning,Shawshank Disc Golf Penitentiary,Main,2021-01-23 10:32,77,5,3,3,3,3,3,3,6,3,4,4,3,3,5,3,4,3,3,3,3,3,3,3,3
Par,T.C. Jester Park,Full 21 - White Tees,2021-01-19 16:05,63,,3,3,3,3,3,3,3,3,3,3,3,3,3,3,3,3,3,3,3,3,3,,
Cody,T.C. Jester Park,Full 21 - White Tees,2021-01-19 16:05,75,12,6,4,3,4,4,5,3,5,2,4,3,3,3,4,3,3,4,4,2,3,3,,
Henning,T.C. Jester Park,Full 21 - White Tees,2021-01-19 16:05,67,4,4,4,3,4,3,3,3,5,3,3,2,3,3,4,3,3,3,3,3,3,2,,
Mears,T.C. Jester Park,Full 21 - White Tees,2021-01-19 16:05,68,5,3,3,4,3,3,2,3,3,3,3,3,3,4,3,4,3,4,4,4,3,3,,
Alex,T.C. Jester Park,Full 21 - White Tees,2021-01-19 16:05,72,9,4,5,3,3,4,3,4,3,3,3,4,3,5,3,3,3,3,4,3,3,3,,
Par,Bear Branch Sportsfield Park,Main,2021-01-14 15:16,54,,3,3,3,3,3,3,3,3,3,3,3,3,3,3,3,3,3,3,,,,,
Henning,Bear Branch Sportsfield Park,Main,2021-01-14 15:16,56,2,3,2,3,2,3,3,3,3,3,3,3,4,5,3,5,3,3,2,,,,,
Par,McDade Park,New McDade,2021-01-11 15:34,56,,3,3,3,3,3,3,3,3,3,3,4,3,3,3,3,4,3,3,,,,,
Killamon Daru,McDade Park,New McDade,2021-01-11 15:34,67,11,4,3,4,5,4,3,4,3,4,3,4,3,3,5,4,5,2,4,,,,,
Henning,McDade Park,New McDade,2021-01-11 15:34,58,2,3,3,4,2,3,4,4,3,2,3,5,2,3,4,3,3,3,4,,,,,
Alex,McDade Park,New McDade,2021-01-11 15:34,77,21,4,4,4,5,4,4,3,5,3,3,5,4,4,6,4,8,3,4,,,,,
Mears,McDade Park,New McDade,2021-01-11 15:34,71,15,4,4,4,4,3,4,5,4,3,3,5,4,4,4,4,4,3,5,,,,,
Cody,McDade Park,New McDade,2021-01-11 15:34,69,13,3,3,5,5,4,3,3,4,4,3,6,3,3,4,6,4,2,4,,,,,
Par,Oak Meadow Park (Bridgeland),Main White (Concrete Tees),2021-01-09 07:09,58,,3,3,3,3,3,4,4,3,3,4,3,4,3,3,3,3,3,3,,,,,
Cody,Oak Meadow Park (Bridgeland),Main White (Concrete Tees),2021-01-09 07:09,80,22,4,4,5,7,3,5,4,4,3,4,6,5,3,4,4,5,6,4,,,,,
Mears,Oak Meadow Park (Bridgeland),Main White (Concrete Tees),2021-01-09 07:09,76,18,4,5,4,6,3,5,6,3,4,4,4,6,3,4,3,3,4,5,,,,,
Jason D.,Oak Meadow Park (Bridgeland),Main White (Concrete Tees),2021-01-09 07:09,69,11,2,4,4,4,3,4,3,4,5,5,3,5,3,5,3,4,4,4,,,,,
Alex,Oak Meadow Park (Bridgeland),Main White (Concrete Tees),2021-01-09 07:09,80,22,4,4,5,4,4,4,5,6,5,6,5,4,5,4,3,5,4,3,,,,,
Henning,Oak Meadow Park (Bridgeland),Main White (Concrete Tees),2021-01-09 07:09,74,16,3,4,3,5,3,4,6,3,3,4,4,4,5,5,4,5,5,4,,,,,
Par,T.C. Jester Park,Full 21 - White Tees,2021-01-08 15:32,63,,3,3,3,3,3,3,3,3,3,3,3,3,3,3,3,3,3,3,3,3,3,,
Cody + Kris,T.C. Jester Park,Full 21 - White Tees,2021-01-08 15:32,72,9,4,4,4,4,3,3,4,5,3,3,3,3,4,4,2,3,3,3,3,3,4,,
Henning + Killamon Daru,T.C. Jester Park,Full 21 - White Tees,2021-01-08 15:32,58,-5,3,3,3,3,3,2,3,4,3,3,2,3,3,3,2,3,3,3,2,2,2,,
Alex + Mears,T.C. Jester Park,Full 21 - White Tees,2021-01-08 15:32,65,2,3,4,3,3,2,3,4,4,3,3,3,3,3,3,2,3,3,3,3,3,4,,
Jason D.,T.C. Jester Park,Full 21 - White Tees,2021-01-08 15:32,59,-4,4,3,3,3,3,3,3,4,2,3,2,2,3,3,2,2,3,3,3,2,3,,
Par,Bear Branch Sportsfield Park,Main,2021-01-04 15:46,54,,3,3,3,3,3,3,3,3,3,3,3,3,3,3,3,3,3,3,,,,,
Cody + Alex,Bear Branch Sportsfield Park,Main,2021-01-04 15:46,52,-2,3,2,3,3,3,3,3,3,3,3,3,4,4,3,2,3,2,2,,,,,
Henning + Jason D.,Bear Branch Sportsfield Park,Main,2021-01-04 15:46,53,-1,3,2,3,3,4,3,2,3,3,3,3,4,3,3,3,3,2,3,,,,,
Aaron Christian + Mears,Bear Branch Sportsfield Park,Main,2021-01-04 15:46,46,-8,2,2,3,2,2,3,2,3,2,3,3,3,4,2,2,2,3,3,,,,,
Par,T.C. Jester Park,Full 21 - White Tees,2021-01-03 07:11,63,,3,3,3,3,3,3,3,3,3,3,3,3,3,3,3,3,3,3,3,3,3,,
Alex,T.C. Jester Park,Full 21 - White Tees,2021-01-03 07:11,72,9,4,4,3,2,3,3,4,3,2,4,3,4,5,3,3,4,4,4,3,3,4,,
Mears,T.C. Jester Park,Full 21 - White Tees,2021-01-03 07:11,72,9,4,3,3,3,3,3,3,4,3,3,3,4,5,4,2,4,4,4,3,3,4,,
Josh,T.C. Jester Park,Full 21 - White Tees,2021-01-03 07:11,81,18,4,4,3,4,3,3,3,4,4,3,4,4,6,5,4,4,4,4,3,4,4,,
Henning,T.C. Jester Park,Full 21 - White Tees,2021-01-03 07:11,76,13,3,5,4,3,3,3,5,5,3,3,4,3,7,4,2,3,3,5,3,2,3,,
Cody,T.C. Jester Park,Full 21 - White Tees,2021-01-03 07:11,75,12,3,5,3,3,2,3,3,4,3,3,4,4,4,3,4,4,4,4,6,3,3,,
Par,Bear Branch Sportsfield Park,Main,2021-01-01 15:09,54,,3,3,3,3,3,3,3,3,3,3,3,3,3,3,3,3,3,3,,,,,
Killamon Daru,Bear Branch Sportsfield Park,Main,2021-01-01 15:09,61,7,3,3,3,3,3,4,3,4,4,4,4,3,4,2,4,4,3,3,,,,,
Cody,Bear Branch Sportsfield Park,Main,2021-01-01 15:09,64,10,5,3,3,3,4,3,4,2,4,4,5,4,4,3,3,3,4,3,,,,,
Mears,Bear Branch Sportsfield Park,Main,2021-01-01 15:09,60,6,4,4,3,2,4,4,3,3,3,4,4,3,3,3,3,4,3,3,,,,,
Jason D.,Bear Branch Sportsfield Park,Main,2021-01-01 15:09,63,9,4,3,4,3,4,4,3,3,3,3,4,4,3,4,2,4,4,4,,,,,
Henning,Bear Branch Sportsfield Park,Main,2021-01-01 15:09,61,7,3,2,3,3,5,5,3,3,2,3,3,4,4,4,3,3,4,4,,,,,
Par,Reservoir Hill,Eagle (original) Tees,2020-12-25 10:43,54,,3,3,3,3,3,3,3,3,3,3,3,3,3,3,3,3,3,3,,,,,
Henning,Reservoir Hill,Eagle (original) Tees,2020-12-25 10:43,59,8,3,3,3,3,3,4,3,3,4,4,3,4,3,6,2,4,4,0,,,,,
Par,Bear Branch Sportsfield Park,Main,2020-12-16 15:53,54,,3,3,3,3,3,3,3,3,3,3,3,3,3,3,3,3,3,3,,,,,
Cody + Jason D.,Bear Branch Sportsfield Park,Main,2020-12-16 15:53,54,0,3,2,4,3,4,4,2,2,3,2,3,4,4,2,3,3,3,3,,,,,
Mears + Killamon Daru,Bear Branch Sportsfield Park,Main,2020-12-16 15:53,51,-3,3,3,3,3,3,3,3,2,3,2,4,3,3,3,2,3,3,2,,,,,
Henning + Alex,Bear Branch Sportsfield Park,Main,2020-12-16 15:53,52,-2,3,2,2,3,3,3,3,2,3,2,3,4,4,2,3,3,3,4,,,,,
Par,T.C. Jester Park,Full 21 - White Tees,2020-12-14 15:27,63,,3,3,3,3,3,3,3,3,3,3,3,3,3,3,3,3,3,3,3,3,3,,
Alex,T.C. Jester Park,Full 21 - White Tees,2020-12-14 15:27,74,11,4,4,3,4,4,3,3,4,5,3,4,4,4,4,2,3,4,4,2,3,3,,
Mears,T.C. Jester Park,Full 21 - White Tees,2020-12-14 15:27,68,5,4,4,4,3,4,3,3,4,3,2,3,3,4,3,2,3,4,3,3,3,3,,
Aaron Christian,T.C. Jester Park,Full 21 - White Tees,2020-12-14 15:27,61,-2,3,4,3,3,3,2,2,3,2,2,3,2,5,3,3,4,3,3,3,2,3,,
Henning,T.C. Jester Park,Full 21 - White Tees,2020-12-14 15:27,75,12,4,3,3,2,3,3,5,4,3,3,4,5,4,4,3,3,3,4,3,5,4,,
Cody,T.C. Jester Park,Full 21 - White Tees,2020-12-14 15:27,74,11,4,5,3,2,3,3,3,3,3,4,6,4,4,3,3,3,3,4,3,4,4,,
Par,Bear Branch Sportsfield Park,Main,2020-12-12 10:03,54,,3,3,3,3,3,3,3,3,3,3,3,3,3,3,3,3,3,3,,,,,
Killamon Daru,Bear Branch Sportsfield Park,Main,2020-12-12 10:03,58,4,3,4,3,3,3,4,2,5,3,2,3,3,3,3,3,4,4,3,,,,,
Cody,Bear Branch Sportsfield Park,Main,2020-12-12 10:03,60,6,3,4,4,4,3,3,2,3,3,4,3,3,4,3,4,3,3,4,,,,,
William,Bear Branch Sportsfield Park,Main,2020-12-12 10:03,74,20,4,5,4,5,5,4,3,4,4,4,4,3,5,3,4,4,6,3,,,,,
Henning,Bear Branch Sportsfield Park,Main,2020-12-12 10:03,60,6,3,2,4,3,3,4,3,2,4,3,3,2,5,4,3,5,3,4,,,,,
Mears,Bear Branch Sportsfield Park,Main,2020-12-12 10:03,59,5,5,3,4,3,3,3,3,3,4,3,3,3,4,3,3,2,5,2,,,,,
Par,Benders Landing (Liberty Park),Main,2020-12-12 08:15,30,,3,4,4,3,4,3,3,3,3,,,,,,,,,,,,,,
Killamon Daru,Benders Landing (Liberty Park),Main,2020-12-12 08:15,27,-3,2,4,3,3,3,2,3,3,4,,,,,,,,,,,,,,
Mears,Benders Landing (Liberty Park),Main,2020-12-12 08:15,29,-1,2,4,4,4,4,2,3,3,3,,,,,,,,,,,,,,
Cody,Benders Landing (Liberty Park),Main,2020-12-12 08:15,33,3,4,4,4,3,3,3,4,5,3,,,,,,,,,,,,,,
Henning,Benders Landing (Liberty Park),Main,2020-12-12 08:15,30,0,4,3,3,3,4,3,3,3,4,,,,,,,,,,,,,,
Par,Bear Branch Sportsfield Park,Main,2020-12-10 14:23,54,,3,3,3,3,3,3,3,3,3,3,3,3,3,3,3,3,3,3,,,,,
Henning,Bear Branch Sportsfield Park,Main,2020-12-10 14:23,65,11,5,4,4,3,4,3,3,3,4,3,5,3,3,3,4,4,3,4,,,,,
Cody,Bear Branch Sportsfield Park,Main,2020-12-10 14:23,61,7,6,3,3,4,3,4,5,3,2,3,4,3,3,3,3,2,3,4,,,,,
Par,Bear Branch Sportsfield Park,Main,2020-12-08 14:50,54,,3,3,3,3,3,3,3,3,3,3,3,3,3,3,3,3,3,3,,,,,
Henning,Bear Branch Sportsfield Park,Main,2020-12-08 14:50,60,6,3,3,3,2,3,5,2,3,3,3,4,4,5,5,3,3,3,3,,,,,
Par,Bear Branch Sportsfield Park,Main,2020-12-05 09:56,54,,3,3,3,3,3,3,3,3,3,3,3,3,3,3,3,3,3,3,,,,,
Discer,Bear Branch Sportsfield Park,Main,2020-12-05 09:56,49,-5,3,2,3,2,3,3,2,2,2,2,3,3,3,3,3,2,4,4,,,,,
Alex + Jason D.,Bear Branch Sportsfield Park,Main,2020-12-05 09:56,52,-2,3,2,2,2,3,4,3,3,3,2,3,4,3,2,3,3,4,3,,,,,
Henning + Killamon Daru,Bear Branch Sportsfield Park,Main,2020-12-05 09:56,48,-6,3,2,3,2,3,3,3,2,3,2,3,3,4,2,3,3,2,2,,,,,
Cody + Mears,Bear Branch Sportsfield Park,Main,2020-12-05 09:56,56,2,4,3,3,3,3,3,2,3,3,3,4,2,3,3,3,4,3,4,,,,,
Par,Bear Branch Sportsfield Park,Main,2020-11-13 15:48,54,,3,3,3,3,3,3,3,3,3,3,3,3,3,3,3,3,3,3,,,,,
Henning,Bear Branch Sportsfield Park,Main,2020-11-13 15:48,61,7,4,2,4,2,4,3,3,4,4,3,5,4,4,4,3,3,3,2,,,,,
Cody,Bear Branch Sportsfield Park,Main,2020-11-13 15:48,59,5,4,3,4,4,4,4,3,4,2,2,3,2,5,3,3,2,4,3,,,,,
Alex,Bear Branch Sportsfield Park,Main,2020-11-13 15:48,64,10,4,4,5,4,3,4,3,2,3,4,5,3,4,3,3,3,4,3,,,,,
Mears,Bear Branch Sportsfield Park,Main,2020-11-13 15:48,61,7,3,4,5,3,4,4,3,2,4,3,4,4,4,2,2,3,3,4,,,,,
Killamon Daru,Bear Branch Sportsfield Park,Main,2020-11-13 15:48,60,6,4,4,3,2,4,4,3,3,3,3,4,4,6,3,2,2,3,3,,,,,
Par,Bear Branch Sportsfield Park,Main,2020-11-04 15:34,54,,3,3,3,3,3,3,3,3,3,3,3,3,3,3,3,3,3,3,,,,,
Alex,Bear Branch Sportsfield Park,Main,2020-11-04 15:34,70,16,5,5,4,3,4,5,4,4,4,3,4,4,3,3,3,4,4,4,,,,,
Cody,Bear Branch Sportsfield Park,Main,2020-11-04 15:34,67,13,3,3,3,4,4,4,3,4,4,4,3,5,4,5,3,4,3,4,,,,,
Killamon Daru,Bear Branch Sportsfield Park,Main,2020-11-04 15:34,57,3,3,3,3,3,4,4,2,3,2,3,3,5,3,3,3,3,3,4,,,,,
Mears,Bear Branch Sportsfield Park,Main,2020-11-04 15:34,60,6,4,3,3,3,3,4,4,3,3,5,3,4,4,2,3,3,3,3,,,,,
Henning,Bear Branch Sportsfield Park,Main,2020-11-04 15:34,61,7,5,2,4,3,3,4,3,3,3,3,5,4,4,3,3,3,4,2,,,,,
Par,Northside Christian Church,Main,2020-10-31 08:12,57,,4,3,3,3,3,3,3,3,3,3,3,3,3,4,3,3,3,4,,,,,
Killamon Daru + Henning,Northside Christian Church,Main,2020-10-31 08:12,58,1,4,4,3,3,3,3,3,3,3,3,3,3,2,4,3,4,3,4,,,,,
Discer + Cody,Northside Christian Church,Main,2020-10-31 08:12,53,-4,4,3,3,3,2,3,2,3,2,3,4,3,2,4,2,3,3,4,,,,,
Alex + Mears,Northside Christian Church,Main,2020-10-31 08:12,60,3,5,3,3,3,3,3,3,3,3,3,3,3,3,5,3,3,3,5,,,,,
Par,Bear Branch Sportsfield Park,Main,2020-10-30 17:12,54,,3,3,3,3,3,3,3,3,3,3,3,3,3,3,3,3,3,3,,,,,
Killamon Daru + Discer,Bear Branch Sportsfield Park,Main,2020-10-30 17:12,48,-6,3,2,3,2,2,3,3,2,3,3,3,2,3,2,3,3,3,3,,,,,
Henning + Cody,Bear Branch Sportsfield Park,Main,2020-10-30 17:12,54,0,4,2,3,3,3,4,3,3,2,2,3,4,3,3,3,3,3,3,,,,,
Par,Bear Branch Sportsfield Park,Main,2020-10-27 12:36,54,,3,3,3,3,3,3,3,3,3,3,3,3,3,3,3,3,3,3,,,,,
Mears,Bear Branch Sportsfield Park,Main,2020-10-27 12:36,68,14,3,3,5,3,5,5,3,3,4,4,4,4,5,3,4,3,3,4,,,,,
Henning,Bear Branch Sportsfield Park,Main,2020-10-27 12:36,60,6,5,3,2,2,4,3,3,4,3,3,4,3,4,2,3,4,4,4,,,,,
Cody,Bear Branch Sportsfield Park,Main,2020-10-27 12:36,68,14,5,3,4,3,6,4,3,2,3,5,5,4,5,2,4,3,4,3,,,,,
Par,Bear Branch Sportsfield Park,Main,2020-10-26 13:13,54,,3,3,3,3,3,3,3,3,3,3,3,3,3,3,3,3,3,3,,,,,
Henning,Bear Branch Sportsfield Park,Main,2020-10-26 13:13,68,14,4,4,4,4,6,4,2,3,5,3,6,3,4,3,4,3,4,2,,,,,
Cody,Bear Branch Sportsfield Park,Main,2020-10-26 13:13,72,18,5,4,3,3,5,4,3,3,2,4,6,5,6,4,3,5,3,4,,,,,
Par,T.C. Jester Park,Full 21 - White Tees,2020-10-24 08:02,63,,3,3,3,3,3,3,3,3,3,3,3,3,3,3,3,3,3,3,3,3,3,,
Henning,T.C. Jester Park,Full 21 - White Tees,2020-10-24 08:02,68,5,4,3,3,3,3,4,4,4,2,4,3,3,4,3,2,3,2,3,3,5,3,,
Cody,T.C. Jester Park,Full 21 - White Tees,2020-10-24 08:02,73,10,4,4,4,3,3,5,4,4,2,3,4,4,3,4,3,3,3,4,3,3,3,,
Killamon Daru,T.C. Jester Park,Full 21 - White Tees,2020-10-24 08:02,70,7,3,4,3,3,3,3,4,4,4,3,3,3,4,3,2,3,4,4,4,3,3,,
Alex,T.C. Jester Park,Full 21 - White Tees,2020-10-24 08:02,65,11,4,4,5,4,2,3,3,5,3,2,4,5,5,3,3,3,4,3,0,0,0,,
Mears,T.C. Jester Park,Full 21 - White Tees,2020-10-24 08:02,81,18,4,4,3,4,3,4,4,4,3,3,7,3,4,3,3,5,4,4,4,4,4,,
Par,Victory Disc Golf Course,Main,2020-10-21 16:00,56,,4,3,3,3,3,3,3,3,3,3,3,3,4,3,3,3,3,3,,,,,
Cody,Victory Disc Golf Course,Main,2020-10-21 16:00,62,6,5,3,3,3,4,3,3,3,4,3,3,3,5,3,3,3,4,4,,,,,
Alex,Victory Disc Golf Course,Main,2020-10-21 16:00,70,14,5,4,3,4,5,4,4,4,3,3,4,3,5,3,4,3,5,4,,,,,
Henning,Victory Disc Golf Course,Main,2020-10-21 16:00,66,10,4,7,3,5,3,4,3,3,3,3,4,3,5,3,3,3,3,4,,,,,
Par,T.C. Jester Park,Full 21 - White Tees,2020-10-18 08:03,63,,3,3,3,3,3,3,3,3,3,3,3,3,3,3,3,3,3,3,3,3,3,,
Alex,T.C. Jester Park,Full 21 - White Tees,2020-10-18 08:03,73,10,4,4,3,2,3,3,4,5,3,3,4,3,5,5,2,4,3,3,4,3,3,,
Henning,T.C. Jester Park,Full 21 - White Tees,2020-10-18 08:03,67,4,4,4,3,2,3,2,3,3,3,2,3,4,4,3,3,3,4,4,4,3,3,,
Cody,T.C. Jester Park,Full 21 - White Tees,2020-10-18 08:03,66,3,4,3,3,2,2,3,2,3,2,3,3,5,4,4,3,4,3,3,3,4,3,,
Killamon Daru,T.C. Jester Park,Full 21 - White Tees,2020-10-18 08:03,70,7,4,3,3,3,2,3,4,3,3,3,3,3,5,4,3,4,4,4,3,3,3,,
Par,Bear Branch Sportsfield Park,Main,2020-10-17 09:57,54,,3,3,3,3,3,3,3,3,3,3,3,3,3,3,3,3,3,3,,,,,
Cody + Killamon Daru,Bear Branch Sportsfield Park,Main,2020-10-17 09:57,49,-5,3,2,3,2,3,3,2,3,2,3,3,3,4,2,2,3,2,4,,,,,
Alex + Henning,Bear Branch Sportsfield Park,Main,2020-10-17 09:57,55,1,2,3,4,2,3,3,3,3,3,4,4,3,4,2,2,3,3,4,,,,,
Par,Bear Branch Sportsfield Park,Main,2020-10-17 08:23,54,,3,3,3,3,3,3,3,3,3,3,3,3,3,3,3,3,3,3,,,,,
Henning + Alex,Bear Branch Sportsfield Park,Main,2020-10-17 08:23,56,2,4,3,3,3,3,4,2,2,4,3,4,3,4,2,3,4,3,2,,,,,
Cody + Killamon Daru,Bear Branch Sportsfield Park,Main,2020-10-17 08:23,50,-4,4,3,3,2,3,3,2,3,2,3,3,3,4,2,2,2,2,4,,,,,
Par,Bear Branch Sportsfield Park,Main,2020-10-10 11:29,54,,3,3,3,3,3,3,3,3,3,3,3,3,3,3,3,3,3,3,,,,,
Discer + Cody,Bear Branch Sportsfield Park,Main,2020-10-10 11:29,45,-9,3,2,3,2,2,3,2,2,2,3,3,3,4,2,2,2,2,3,,,,,
Henning + Killamon Daru,Bear Branch Sportsfield Park,Main,2020-10-10 11:29,49,-5,2,2,3,3,4,3,2,3,2,2,3,3,3,3,3,2,3,3,,,,,
Par,Northside Christian Church,18 plus 6b and rp1-4 ,2020-10-10 08:21,69,,4,3,3,3,3,3,3,3,3,3,3,3,3,4,3,3,3,4,3,3,3,3,
Alex,Northside Christian Church,18 plus 6b and rp1-4 ,2020-10-10 08:21,75,18,9,4,4,4,2,4,4,4,3,2,4,4,5,5,3,4,3,7,0,0,0,0,
Cody,Northside Christian Church,18 plus 6b and rp1-4 ,2020-10-10 08:21,63,6,7,3,3,3,3,3,3,4,2,3,4,3,3,5,2,2,3,7,0,0,0,0,
Killamon Daru,Northside Christian Church,18 plus 6b and rp1-4 ,2020-10-10 08:21,69,12,6,4,3,3,6,3,3,3,3,3,4,5,3,5,4,4,3,4,0,0,0,0,
Henning,Northside Christian Church,18 plus 6b and rp1-4 ,2020-10-10 08:21,70,13,5,5,3,3,3,3,2,5,5,3,4,3,5,7,3,3,4,4,0,0,0,0,
Par,Bear Branch Sportsfield Park,Main,2020-10-06 11:41,54,,3,3,3,3,3,3,3,3,3,3,3,3,3,3,3,3,3,3,,,,,
Henning,Bear Branch Sportsfield Park,Main,2020-10-06 11:41,61,7,3,4,3,3,3,4,3,2,5,3,4,3,5,3,3,3,3,4,,,,,
Cody,Bear Branch Sportsfield Park,Main,2020-10-06 11:41,61,7,4,3,5,4,4,4,3,3,3,2,5,3,4,2,2,4,3,3,,,,,
Par,Bear Branch Sportsfield Park,Main,2020-10-04 10:27,54,,3,3,3,3,3,3,3,3,3,3,3,3,3,3,3,3,3,3,,,,,
Cody,Bear Branch Sportsfield Park,Main,2020-10-04 10:27,60,6,4,5,2,3,3,4,2,3,4,3,4,3,4,2,3,4,3,4,,,,,
Henning,Bear Branch Sportsfield Park,Main,2020-10-04 10:27,71,17,5,3,4,3,4,5,3,4,4,3,4,4,7,4,3,4,3,4,,,,,
Killamon Daru,Bear Branch Sportsfield Park,Main,2020-10-04 10:27,58,4,4,3,2,2,3,4,3,3,3,2,4,6,5,3,2,3,3,3,,,,,
Par,Bear Branch Sportsfield Park,Main,2020-10-04 08:16,54,,3,3,3,3,3,3,3,3,3,3,3,3,3,3,3,3,3,3,,,,,
Cody,Bear Branch Sportsfield Park,Main,2020-10-04 08:16,60,6,4,3,3,3,3,5,4,4,3,3,3,3,3,3,4,3,3,3,,,,,
Henning,Bear Branch Sportsfield Park,Main,2020-10-04 08:16,65,11,4,3,3,3,5,3,3,3,5,2,5,6,5,2,3,3,4,3,,,,,
Killamon Daru,Bear Branch Sportsfield Park,Main,2020-10-04 08:16,55,1,4,3,3,3,3,4,2,3,3,2,4,3,3,3,3,4,2,3,,,,,
Discer,Bear Branch Sportsfield Park,Main,2020-10-04 08:16,59,5,5,3,2,5,4,4,2,2,3,2,4,3,5,2,4,4,3,2,,,,,
Par,T.C. Jester Park,Full 21 - White Tees,2020-10-03 07:53,63,,3,3,3,3,3,3,3,3,3,3,3,3,3,3,3,3,3,3,3,3,3,,
Killamon Daru,T.C. Jester Park,Full 21 - White Tees,2020-10-03 07:53,66,3,3,3,3,3,3,3,3,3,3,2,4,3,3,3,3,3,4,4,3,3,4,,
Cody,T.C. Jester Park,Full 21 - White Tees,2020-10-03 07:53,73,10,3,4,3,3,3,4,4,4,3,2,4,3,4,4,3,4,4,3,4,3,4,,
Alex,T.C. Jester Park,Full 21 - White Tees,2020-10-03 07:53,73,10,3,4,4,3,4,4,4,4,2,3,3,3,4,3,3,3,4,4,3,4,4,,
Henning,T.C. Jester Park,Full 21 - White Tees,2020-10-03 07:53,72,9,3,3,5,2,4,3,4,4,2,3,2,3,4,3,5,4,3,3,3,5,4,,
Par,Bear Branch Sportsfield Park,Main,2020-10-02 16:18,54,,3,3,3,3,3,3,3,3,3,3,3,3,3,3,3,3,3,3,,,,,
Henning,Bear Branch Sportsfield Park,Main,2020-10-02 16:18,57,3,3,3,3,3,4,4,3,3,3,3,4,3,3,3,2,4,3,3,,,,,
Cody,Bear Branch Sportsfield Park,Main,2020-10-02 16:18,60,6,4,3,5,3,3,4,3,3,3,3,3,3,3,3,3,4,3,4,,,,,
Par,Bear Branch Sportsfield Park,Main,2020-09-30 15:23,54,,3,3,3,3,3,3,3,3,3,3,3,3,3,3,3,3,3,3,,,,,
Cody,Bear Branch Sportsfield Park,Main,2020-09-30 15:23,70,16,3,3,4,4,5,3,4,3,3,4,4,3,6,4,5,4,4,4,,,,,
Henning,Bear Branch Sportsfield Park,Main,2020-09-30 15:23,68,14,4,3,4,3,4,4,4,4,4,4,4,3,6,3,4,4,3,3,,,,,
Par,Bear Branch Sportsfield Park,Main,2020-09-29 11:06,54,,3,3,3,3,3,3,3,3,3,3,3,3,3,3,3,3,3,3,,,,,
Killamon Daru,Bear Branch Sportsfield Park,Main,2020-09-29 11:06,58,4,3,3,3,3,4,3,3,3,3,3,5,4,3,3,2,4,3,3,,,,,
Cody,Bear Branch Sportsfield Park,Main,2020-09-29 11:06,66,12,3,3,4,4,4,4,3,4,2,3,5,5,4,3,3,4,4,4,,,,,
Henning,Bear Branch Sportsfield Park,Main,2020-09-29 11:06,70,16,3,5,4,2,4,4,4,4,3,5,5,4,4,6,3,4,3,3,,,,,
Par,Bear Branch Sportsfield Park,Main,2020-09-26 08:18,54,,3,3,3,3,3,3,3,3,3,3,3,3,3,3,3,3,3,3,,,,,
Henning,Bear Branch Sportsfield Park,Main,2020-09-26 08:18,62,8,3,4,2,5,4,4,3,3,3,2,4,3,4,3,4,4,4,3,,,,,
Alex,Bear Branch Sportsfield Park,Main,2020-09-26 08:18,76,22,4,4,5,3,6,5,2,5,4,4,5,3,4,5,3,5,4,5,,,,,
Cody,Bear Branch Sportsfield Park,Main,2020-09-26 08:18,65,11,4,3,4,3,3,5,3,2,4,3,3,4,4,5,4,5,3,3,,,,,
Jason D.,Bear Branch Sportsfield Park,Main,2020-09-26 08:18,61,7,4,2,3,3,5,4,3,4,3,2,4,4,4,3,3,3,3,4,,,,,
Killamon Daru,Bear Branch Sportsfield Park,Main,2020-09-26 08:18,65,11,3,2,5,3,4,4,4,4,3,3,4,4,5,3,4,3,3,4,,,,,
Par,Bear Branch Sportsfield Park,Main,2020-09-25 13:15,54,,3,3,3,3,3,3,3,3,3,3,3,3,3,3,3,3,3,3,,,,,
Henning,Bear Branch Sportsfield Park,Main,2020-09-25 13:15,64,10,4,3,4,3,4,4,3,3,3,3,4,4,5,3,3,4,4,3,,,,,
Cody,Bear Branch Sportsfield Park,Main,2020-09-25 13:15,66,12,5,4,4,4,4,4,3,3,3,3,5,3,4,2,4,4,4,3,,,,,
Killamon Daru,Bear Branch Sportsfield Park,Main,2020-09-25 13:15,68,14,3,4,4,2,4,4,3,3,3,4,4,5,5,3,5,5,4,3,,,,,
Par,Bear Branch Sportsfield Park,Main,2020-09-20 08:44,54,,3,3,3,3,3,3,3,3,3,3,3,3,3,3,3,3,3,3,,,,,
Henning,Bear Branch Sportsfield Park,Main,2020-09-20 08:44,66,12,5,3,4,4,4,4,3,3,3,3,4,4,4,3,4,4,4,3,,,,,
Cody,Bear Branch Sportsfield Park,Main,2020-09-20 08:44,72,18,4,3,4,3,5,5,2,3,3,4,5,4,5,4,6,5,3,4,,,,,
Par,Bear Branch Sportsfield Park,Main,2020-09-19 08:17,54,,3,3,3,3,3,3,3,3,3,3,3,3,3,3,3,3,3,3,,,,,
Killamon Daru,Bear Branch Sportsfield Park,Main,2020-09-19 08:17,65,11,3,4,4,3,3,4,2,3,3,3,4,5,4,4,6,4,3,3,,,,,
Cody,Bear Branch Sportsfield Park,Main,2020-09-19 08:17,66,12,5,2,3,3,4,3,3,3,3,4,4,5,6,3,4,5,3,3,,,,,
Swint,Bear Branch Sportsfield Park,Main,2020-09-19 08:17,70,16,3,3,4,3,5,5,4,4,4,4,5,4,6,3,3,4,3,3,,,,,
Henning,Bear Branch Sportsfield Park,Main,2020-09-19 08:17,60,6,3,4,3,3,5,3,2,3,3,3,3,5,3,3,3,5,3,3,,,,,
Discer,Bear Branch Sportsfield Park,Main,2020-09-19 08:17,57,3,4,2,4,2,4,3,3,4,2,3,4,3,4,3,4,2,3,3,,,,,
Par,Bear Branch Sportsfield Park,Main,2020-09-17 11:46,54,,3,3,3,3,3,3,3,3,3,3,3,3,3,3,3,3,3,3,,,,,
Cody,Bear Branch Sportsfield Park,Main,2020-09-17 11:46,66,12,6,2,4,3,5,5,4,4,2,4,4,4,4,3,4,2,3,3,,,,,
Killamon Daru,Bear Branch Sportsfield Park,Main,2020-09-17 11:46,57,3,3,2,3,2,4,4,4,3,3,3,5,3,3,3,2,3,3,4,,,,,
Henning,Bear Branch Sportsfield Park,Main,2020-09-17 11:46,65,11,4,2,3,4,6,4,3,4,2,3,4,5,4,3,3,4,4,3,,,,,
Par,Bear Branch Sportsfield Park,Main,2020-09-12 14:29,54,,3,3,3,3,3,3,3,3,3,3,3,3,3,3,3,3,3,3,,,,,
Cody,Bear Branch Sportsfield Park,Main,2020-09-12 14:29,69,15,3,3,5,2,9,4,3,3,3,3,3,3,4,6,3,5,3,4,,,,,
Killamon Daru,Bear Branch Sportsfield Park,Main,2020-09-12 14:29,60,6,3,3,4,3,3,4,3,3,4,2,4,4,4,3,3,4,3,3,,,,,
Henning,Bear Branch Sportsfield Park,Main,2020-09-12 14:29,72,18,4,5,4,5,4,4,3,3,2,4,6,5,5,5,4,3,3,3,,,,,
Par,Bear Branch Sportsfield Park,Main,2020-09-11 11:02,54,,3,3,3,3,3,3,3,3,3,3,3,3,3,3,3,3,3,3,,,,,
Cody,Bear Branch Sportsfield Park,Main,2020-09-11 11:02,68,14,5,5,4,3,4,4,3,3,3,3,4,4,3,3,4,4,4,5,,,,,
Henning,Bear Branch Sportsfield Park,Main,2020-09-11 11:02,72,18,4,3,5,3,5,4,5,4,3,4,5,5,4,2,4,3,6,3,,,,,
Par,Bear Branch Sportsfield Park,Main,2020-09-05 08:33,54,,3,3,3,3,3,3,3,3,3,3,3,3,3,3,3,3,3,3,,,,,
Killamon Daru + Discer,Bear Branch Sportsfield Park,Main,2020-09-05 08:33,51,-3,3,2,2,3,4,3,2,3,3,3,4,3,3,3,2,3,2,3,,,,,
Cody + Henning,Bear Branch Sportsfield Park,Main,2020-09-05 08:33,53,-1,3,3,3,3,3,4,2,3,4,3,3,3,3,2,3,3,3,2,,,,,
Par,Bear Branch Sportsfield Park,Main,2020-09-04 11:09,54,,3,3,3,3,3,3,3,3,3,3,3,3,3,3,3,3,3,3,,,,,
Henning,Bear Branch Sportsfield Park,Main,2020-09-04 11:09,73,19,3,3,5,5,5,4,4,3,2,4,4,6,7,4,4,3,4,3,,,,,
Cody,Bear Branch Sportsfield Park,Main,2020-09-04 11:09,61,7,3,2,3,2,3,4,2,3,3,3,4,3,8,3,4,5,3,3,,,,,
Par,Bear Branch Sportsfield Park,Main,2020-09-03 12:16,54,,3,3,3,3,3,3,3,3,3,3,3,3,3,3,3,3,3,3,,,,,
Henning,Bear Branch Sportsfield Park,Main,2020-09-03 12:16,56,2,4,3,3,2,3,3,3,3,3,4,4,5,3,2,3,2,3,3,,,,,
Cody,Bear Branch Sportsfield Park,Main,2020-09-03 12:16,70,16,5,3,4,4,4,4,5,4,4,2,4,4,5,4,4,3,5,2,,,,,
Par,Bear Branch Sportsfield Park,Main,2020-08-31 16:42,54,,3,3,3,3,3,3,3,3,3,3,3,3,3,3,3,3,3,3,,,,,
Killamon Daru,Bear Branch Sportsfield Park,Main,2020-08-31 16:42,65,11,4,5,3,2,4,3,4,3,3,3,5,4,4,4,4,4,3,3,,,,,
Cody,Bear Branch Sportsfield Park,Main,2020-08-31 16:42,65,11,4,2,5,3,3,4,4,3,3,3,5,3,6,2,3,5,3,4,,,,,
Henning,Bear Branch Sportsfield Park,Main,2020-08-31 16:42,60,6,3,3,4,5,3,4,3,3,2,3,4,4,4,3,3,4,2,3,,,,,
Alex,Bear Branch Sportsfield Park,Main,2020-08-31 16:42,75,21,5,5,4,3,4,5,2,3,3,3,5,5,7,4,4,4,4,5,,,,,
Kenny,Bear Branch Sportsfield Park,Main,2020-08-31 16:42,83,29,4,5,4,3,6,5,3,4,4,3,5,5,5,6,4,6,6,5,,,,,
Par,Bear Branch Sportsfield Park,Main,2020-08-29 08:21,54,,3,3,3,3,3,3,3,3,3,3,3,3,3,3,3,3,3,3,,,,,
Cody,Bear Branch Sportsfield Park,Main,2020-08-29 08:21,60,6,4,2,4,3,3,4,3,4,3,2,5,4,5,3,3,2,4,2,,,,,
Discer,Bear Branch Sportsfield Park,Main,2020-08-29 08:21,60,6,3,3,4,3,4,4,3,4,3,2,4,4,4,3,3,4,2,3,,,,,
Killamon Daru,Bear Branch Sportsfield Park,Main,2020-08-29 08:21,62,8,5,4,4,2,3,4,4,3,3,3,4,5,3,3,4,3,2,3,,,,,
Henning,Bear Branch Sportsfield Park,Main,2020-08-29 08:21,63,9,4,5,4,3,3,4,4,4,3,3,4,4,3,2,3,3,3,4,,,,,
Par,Bear Branch Sportsfield Park,Main,2020-08-27 18:03,54,,3,3,3,3,3,3,3,3,3,3,3,3,3,3,3,3,3,3,,,,,
Henning,Bear Branch Sportsfield Park,Main,2020-08-27 18:03,63,9,4,3,3,3,4,3,4,4,4,3,4,3,5,3,3,4,3,3,,,,,
Cody,Bear Branch Sportsfield Park,Main,2020-08-27 18:03,60,6,4,3,3,3,4,5,3,3,2,3,3,3,6,3,3,3,3,3,,,,,
Killamon Daru,Bear Branch Sportsfield Park,Main,2020-08-27 18:03,67,13,4,3,3,3,4,4,4,3,3,4,3,6,3,5,3,4,5,3,,,,,
Par,Bear Branch Sportsfield Park,Main,2020-08-22 08:19,54,,3,3,3,3,3,3,3,3,3,3,3,3,3,3,3,3,3,3,,,,,
Cody,Bear Branch Sportsfield Park,Main,2020-08-22 08:19,58,4,3,4,3,3,3,3,2,3,5,2,4,4,4,3,3,3,3,3,,,,,
Killamon Daru,Bear Branch Sportsfield Park,Main,2020-08-22 08:19,56,2,4,4,3,2,2,3,3,2,3,3,5,4,3,2,5,3,2,3,,,,,
Henning,Bear Branch Sportsfield Park,Main,2020-08-22 08:19,60,6,5,3,3,4,4,3,3,2,3,3,4,4,3,3,3,3,4,3,,,,,
Par,Bear Branch Sportsfield Park,Main,2020-08-15 08:31,54,,3,3,3,3,3,3,3,3,3,3,3,3,3,3,3,3,3,3,,,,,
Discer,Bear Branch Sportsfield Park,Main,2020-08-15 08:31,59,5,2,3,4,2,4,3,3,3,4,3,4,3,4,3,3,3,4,4,,,,,
Killamon Daru,Bear Branch Sportsfield Park,Main,2020-08-15 08:31,58,4,4,2,3,3,4,4,3,4,3,3,4,4,3,2,3,2,4,3,,,,,
Henning,Bear Branch Sportsfield Park,Main,2020-08-15 08:31,61,7,4,3,4,4,5,3,2,3,3,3,4,4,3,3,4,3,3,3,,,,,
Cody,Bear Branch Sportsfield Park,Main,2020-08-15 08:31,68,14,5,3,3,4,5,4,2,3,3,3,4,4,4,4,3,5,4,5,,,,,
Par,Bear Branch Sportsfield Park,Main,2020-07-11 08:39,54,,3,3,3,3,3,3,3,3,3,3,3,3,3,3,3,3,3,3,,,,,
Henning,Bear Branch Sportsfield Park,Main,2020-07-11 08:39,72,18,8,3,5,4,5,3,3,4,4,3,4,3,5,2,4,4,4,4,,,,,
Cody,Bear Branch Sportsfield Park,Main,2020-07-11 08:39,67,13,4,3,4,2,6,4,3,3,5,4,4,4,5,2,3,4,4,3,,,,,
Par,Bear Branch Sportsfield Park,Main,2020-07-03 10:22,54,,3,3,3,3,3,3,3,3,3,3,3,3,3,3,3,3,3,3,,,,,
Henning,Bear Branch Sportsfield Park,Main,2020-07-03 10:22,62,8,3,3,3,3,4,4,4,4,4,3,3,6,3,3,3,3,3,3,,,,,
Cody,Bear Branch Sportsfield Park,Main,2020-07-03 10:22,64,10,3,5,3,3,3,4,4,4,3,3,4,6,2,3,3,3,4,4,,,,,
Par,Bear Branch Sportsfield Park,Main,2020-06-21 09:11,54,,3,3,3,3,3,3,3,3,3,3,3,3,3,3,3,3,3,3,,,,,
Cody,Bear Branch Sportsfield Park,Main,2020-06-21 09:11,62,8,3,2,4,3,3,5,3,3,5,3,4,3,4,3,3,4,3,4,,,,,
Henning,Bear Branch Sportsfield Park,Main,2020-06-21 09:11,67,13,7,4,3,3,3,5,3,3,3,3,4,5,3,4,3,4,3,4,,,,,
Jason D.,Bear Branch Sportsfield Park,Main,2020-06-21 09:11,61,7,4,2,3,3,3,5,3,3,3,3,4,4,6,3,3,3,3,3,,,,,
Par,Bear Branch Sportsfield Park,Main,2020-05-20 12:58,54,,3,3,3,3,3,3,3,3,3,3,3,3,3,3,3,3,3,3,,,,,
Henning,Bear Branch Sportsfield Park,Main,2020-05-20 12:58,63,9,3,3,3,2,3,5,2,3,2,3,4,5,5,3,4,3,6,4,,,,,
Cody,Bear Branch Sportsfield Park,Main,2020-05-20 12:58,67,13,4,4,4,3,4,4,3,4,3,4,5,4,4,3,3,4,3,4,,,,,
